id_factura,cliente_id,region,fecha_emision,mes,monto_usd,costo_logistico_usd,estado_pago,vendedor_id
FAC-20250000,CLI-1040,Costa,2025-01-07,2025-01,11252.48,1167.12,Pagado,VEND-11
FAC-20250001,CLI-1037,Insular,2025-01-09,2025-01,932.06,154.64,Pagado,VEND-13
FAC-20250002,CLI-1045,Insular,2025-02-26,2025-02,7013.53,1597.55,Pendiente,VEND-16
FAC-20250003,CLI-1021,Oriente,2025-02-09,2025-02,3622.05,352.7,Pendiente,VEND-11
FAC-20250004,CLI-1022,Oriente,2025-06-04,2025-06,-1026.96,103.95,Pendiente,VEND-11
FAC-20250005,CLI-1035,Oriente,2025-06-10,2025-06,9468.54,1686.82,Pagado,VEND-10
FAC-20250006,CLI-1042,Sierra,2025-03-16,2025-03,14785.71,3360.82,Pendiente,VEND-14
FAC-20250007,CLI-1029,Oriente,2025-02-11,2025-02,5867.62,735.72,Pagado,VEND-12
FAC-20250008,CLI-1034,Sierra,2025-02-11,2025-02,7202.77,1709.34,Pendiente,VEND-15
FAC-20250009,CLI-1049,Costa,2025-02-28,2025-02,12416.14,1840.05,Pagado,VEND-13
FAC-20250010,CLI-1036,Oriente,2025-02-24,2025-02,10003.86,2355.64,Pendiente,VEND-12
FAC-20250011,CLI-1016,Sierra,2025-03-05,2025-03,11302.34,2339.5,Pendiente,VEND-16
FAC-20250012,CLI-1023,Sierra,2025-02-05,2025-02,7888.13,694.23,Pagado,VEND-12
FAC-20250013,CLI-1040,Sierra,2025-06-24,2025-06,6621.32,959.27,Pendiente,VEND-14
FAC-20250014,CLI-1035,Costa,2025-06-24,2025-06,10950.47,1875.65,Vencido,VEND-15
FAC-20250015,CLI-1007,Oriente,2025-04-22,2025-04,-1499.77,303.47,Pendiente,VEND-11
FAC-20250016,CLI-1040,Oriente,2025-06-13,2025-06,7861.11,1128.58,Pendiente,VEND-10
FAC-20250017,CLI-1038,Oriente,2025-05-06,2025-05,782.41,179.47,Vencido,VEND-13
FAC-20250018,CLI-1003,Sierra,2025-05-26,2025-05,14230.77,2314.18,Pagado,VEND-12
FAC-20250019,CLI-1008,Insular,2025-05-21,2025-05,2894.34,530.01,Pendiente,VEND-13
FAC-20250020,CLI-1045,Oriente,2025-04-13,2025-04,14929.67,2306.29,Pendiente,VEND-11
FAC-20250021,CLI-1015,Sierra,2025-01-17,2025-01,5402.24,643.51,Pendiente,VEND-10
FAC-20250022,CLI-1004,Costa,2025-02-28,2025-02,-794.77,133.05,Vencido,VEND-17
FAC-20250023,CLI-1013,Sierra,2025-05-27,2025-05,8855.07,1420.4,Pendiente,VEND-13
FAC-20250024,CLI-1006,Costa,2025-06-18,2025-06,6750.24,1075.95,Pagado,VEND-11
FAC-20250025,CLI-1003,Insular,2025-03-28,2025-03,12108.59,1363.07,Pendiente,VEND-12
FAC-20250026,CLI-1027,Sierra,2025-03-13,2025-03,7208.11,669.02,Pagado,VEND-10
FAC-20250027,CLI-1041,Costa,2025-01-24,2025-01,13932.32,1508.49,Pendiente,VEND-17
FAC-20250028,CLI-1013,Insular,2025-01-16,2025-01,-902.76,214.41,Pendiente,VEND-14
FAC-20250029,CLI-1027,Insular,2025-02-09,2025-02,3253.52,292.63,Pagado,VEND-15
FAC-20250030,CLI-1003,Costa,2025-05-30,2025-05,7413.43,1262.44,Pagado,VEND-11
FAC-20250031,CLI-1011,Costa,2025-06-02,2025-06,1485.43,220.8,Pendiente,VEND-10
FAC-20250032,CLI-1039,Costa,2025-04-18,2025-04,10031.91,1342.1,Vencido,VEND-13
FAC-20250033,CLI-1042,Oriente,2025-03-03,2025-03,4351.41,825.62,Pendiente,VEND-15
FAC-20250034,CLI-1048,Costa,2025-01-03,2025-01,7145.14,1781.54,Pagado,VEND-13
FAC-20250035,CLI-1032,Oriente,2025-02-03,2025-02,14032.26,3220.07,Vencido,VEND-14
FAC-20250036,CLI-1010,Insular,2025-05-20,2025-05,10701.33,2652.11,Pagado,VEND-14
FAC-20250037,CLI-1042,Costa,2025-02-04,2025-02,4334.76,893.87,Pendiente,VEND-14
FAC-20250038,CLI-1018,Sierra,2025-03-29,2025-03,3452.16,431.1,Pendiente,VEND-14
FAC-20250039,CLI-1003,Costa,2025-06-12,2025-06,6641.85,535.35,Pendiente,VEND-14
FAC-20250040,CLI-1010,Insular,2025-05-22,2025-05,10732.18,1062.69,Pendiente,VEND-10
FAC-20250041,CLI-1023,Sierra,2025-04-21,2025-04,2347.96,546.67,Pagado,VEND-15
FAC-20250042,CLI-1013,Sierra,2025-06-20,2025-06,1990.51,458.42,Pendiente,VEND-12
FAC-20250043,CLI-1015,Sierra,2025-02-15,2025-02,-1525.82,208.23,Pendiente,VEND-13
FAC-20250044,CLI-1017,Sierra,2025-01-28,2025-01,-1047.24,119.31,Pendiente,VEND-15
FAC-20250045,CLI-1019,Sierra,2025-02-27,2025-02,843.13,114.5,Pagado,VEND-14
FAC-20250046,CLI-1022,Insular,2025-06-23,2025-06,14726.67,3529.55,Pagado,VEND-14
FAC-20250047,CLI-1011,Oriente,2025-01-10,2025-01,2071.84,422.35,Vencido,VEND-16
FAC-20250048,CLI-1038,Costa,2025-04-09,2025-04,13542.82,1185.62,Pendiente,VEND-10
FAC-20250049,CLI-1033,Sierra,2025-04-04,2025-04,6753.81,1597.49,Vencido,VEND-11
FAC-20250050,CLI-1046,Oriente,2025-05-10,2025-05,4984.63,739.76,Vencido,VEND-12
FAC-20250051,CLI-1012,Insular,2025-06-20,2025-06,14135.27,3300.26,Vencido,VEND-16
FAC-20250052,CLI-1035,Costa,2025-03-19,2025-03,4660.25,832.31,Vencido,VEND-17
FAC-20250053,CLI-1028,Insular,2025-06-22,2025-06,3598.67,839.21,Pendiente,VEND-11
FAC-20250054,CLI-1018,Oriente,2025-01-24,2025-01,12367.14,2403.87,Pendiente,VEND-13
FAC-20250055,CLI-1009,Costa,2025-01-12,2025-01,4050.22,909.09,Pagado,VEND-17
FAC-20250056,CLI-1026,Sierra,2025-04-09,2025-04,7668.47,1468.74,Pagado,VEND-11
FAC-20250057,CLI-1049,Insular,2025-02-26,2025-02,3050.36,512.62,Pagado,VEND-13
FAC-20250058,CLI-1007,Insular,2025-02-04,2025-02,12120.54,3005.19,Vencido,VEND-17
FAC-20250059,CLI-1039,Insular,2025-05-21,2025-05,6965.75,1577.42,Pendiente,VEND-14
FAC-20250060,CLI-1048,Sierra,2025-06-13,2025-06,4521.01,734.13,Pendiente,VEND-14
FAC-20250061,CLI-1028,Costa,2025-03-15,2025-03,3900.16,904.11,Pagado,VEND-12
FAC-20250062,CLI-1009,Sierra,2025-04-09,2025-04,10562.27,960.31,Pendiente,VEND-15
FAC-20250063,CLI-1034,Insular,2025-04-17,2025-04,1402.85,205.11,Pagado,VEND-16
FAC-20250064,CLI-1030,Costa,2025-04-01,2025-04,4829.88,1118.5,Pendiente,VEND-13
FAC-20250065,CLI-1031,Sierra,2025-03-11,2025-03,-805.03,157.35,Pendiente,VEND-12
FAC-20250066,CLI-1029,Sierra,2025-06-09,2025-06,8244.79,1489.19,Pagado,VEND-11
FAC-20250067,CLI-1041,Insular,2025-02-04,2025-02,13069.34,1623.56,Vencido,VEND-13
FAC-20250068,CLI-1029,Oriente,2025-03-28,2025-03,11537.83,2398.04,Pendiente,VEND-14
FAC-20250069,CLI-1005,Insular,2025-01-05,2025-01,11360.85,2747.35,Pendiente,VEND-11
FAC-20250070,CLI-1049,Costa,2025-01-08,2025-01,14269.37,1190.99,Pendiente,VEND-13
FAC-20250071,CLI-1008,Insular,2025-06-21,2025-06,2158.65,343.35,Vencido,VEND-15
FAC-20250072,CLI-1010,Costa,2025-02-11,2025-02,14488.45,1222.32,Vencido,VEND-16
FAC-20250073,CLI-1025,Sierra,2025-01-20,2025-01,9085.42,1101.92,Vencido,VEND-11
FAC-20250074,CLI-1036,Costa,2025-03-30,2025-03,8224.81,754.4,Vencido,VEND-10
FAC-20250075,CLI-1026,Insular,2025-01-28,2025-01,6786.09,1571.44,Pendiente,VEND-12
FAC-20250076,CLI-1027,Sierra,2025-05-14,2025-05,14499.37,3152.07,Pendiente,VEND-17
FAC-20250077,CLI-1027,Oriente,2025-03-24,2025-03,12849.84,1217.3,Pendiente,VEND-13
FAC-20250078,CLI-1048,Insular,2025-05-26,2025-05,9349.81,793.6,Vencido,VEND-12
FAC-20250079,CLI-1031,Sierra,2025-04-01,2025-04,12068.57,2771.6,Vencido,VEND-10
FAC-20250080,CLI-1033,Sierra,2025-01-22,2025-01,3999.66,697.46,Pendiente,VEND-17
FAC-20250081,CLI-1041,Insular,2025-04-25,2025-04,11997.53,1411.77,Pendiente,VEND-14
FAC-20250082,CLI-1042,Oriente,2025-05-02,2025-05,8525.36,2126.46,Vencido,VEND-15
FAC-20250083,CLI-1044,Insular,2025-03-11,2025-03,4946.03,1002.16,Vencido,VEND-11
FAC-20250084,CLI-1047,Sierra,2025-02-19,2025-02,3637.58,739.08,Vencido,VEND-11
FAC-20250085,CLI-1012,Oriente,2025-02-28,2025-02,5732.78,1148.64,Pendiente,VEND-14
FAC-20250086,CLI-1002,Costa,2025-05-22,2025-05,4735.98,892.44,Pendiente,VEND-11
FAC-20250087,CLI-1000,Oriente,2025-05-01,2025-05,7441.36,1816.69,Vencido,VEND-17
FAC-20250088,CLI-1007,Costa,2025-04-13,2025-04,7630.33,1500.86,Pendiente,VEND-12
FAC-20250089,CLI-1036,Oriente,2025-01-22,2025-01,14911.81,3130.81,Pendiente,VEND-16
FAC-20250090,CLI-1028,Insular,2025-03-18,2025-03,12972.42,1711.25,Pagado,VEND-11
FAC-20250091,CLI-1048,Sierra,2025-06-10,2025-06,3559.87,379.84,Pendiente,VEND-11
FAC-20250092,CLI-1010,Costa,2025-04-15,2025-04,7032.3,910.78,Pendiente,VEND-14
FAC-20250093,CLI-1045,Oriente,2025-04-27,2025-04,1532.11,191.47,Pendiente,VEND-16
FAC-20250094,CLI-1007,Sierra,2025-06-15,2025-06,2660.35,277.16,Pagado,VEND-12
FAC-20250095,CLI-1019,Oriente,2025-04-23,2025-04,2303.13,458.22,Vencido,VEND-17
FAC-20250096,CLI-1028,Costa,2025-06-03,2025-06,1077.98,145.31,Vencido,VEND-10
FAC-20250097,CLI-1005,Sierra,2025-06-22,2025-06,12621.4,3049.76,Vencido,VEND-10
FAC-20250098,CLI-1048,Sierra,2025-05-01,2025-05,8024.98,1021.47,Pendiente,VEND-17
FAC-20250099,CLI-1005,Insular,2025-03-31,2025-03,6421.05,627.86,Pendiente,VEND-15
FAC-20250100,CLI-1026,Insular,2025-03-15,2025-03,10107.46,2115.34,Pagado,VEND-17
FAC-20250101,CLI-1005,Oriente,2025-03-06,2025-03,5187.47,771.43,Pagado,VEND-17
FAC-20250102,CLI-1026,Costa,2025-02-18,2025-02,8017.37,1320.81,Pendiente,VEND-10
FAC-20250103,CLI-1013,Oriente,2025-05-21,2025-05,2399.69,551.31,Pendiente,VEND-11
FAC-20250104,CLI-1001,Sierra,2025-02-10,2025-02,-934.38,110.44,Pagado,VEND-17
FAC-20250105,CLI-1007,Sierra,2025-05-08,2025-05,14023.47,2803.57,Pendiente,VEND-17
FAC-20250106,CLI-1030,Sierra,2025-04-27,2025-04,8493.34,2010.52,Pendiente,VEND-11
FAC-20250107,CLI-1017,Insular,2025-03-29,2025-03,14046.6,3083.14,Vencido,VEND-14
FAC-20250108,CLI-1037,Insular,2025-02-08,2025-02,6974.94,952.18,Pendiente,VEND-17
FAC-20250109,CLI-1020,Sierra,2025-03-03,2025-03,8791.07,1862.32,Pagado,VEND-15
FAC-20250110,CLI-1047,Insular,2025-04-08,2025-04,6098.14,1338.71,Pendiente,VEND-17
FAC-20250111,CLI-1002,Sierra,2025-05-09,2025-05,14497.63,1407.17,Pendiente,VEND-11
FAC-20250112,CLI-1033,Insular,2025-01-04,2025-01,10975.44,2099.74,Pendiente,VEND-11
FAC-20250113,CLI-1030,Oriente,2025-03-28,2025-03,9537.26,893.2,Vencido,VEND-16
FAC-20250114,CLI-1020,Insular,2025-05-19,2025-05,1020.54,191.14,Vencido,VEND-13
FAC-20250115,CLI-1047,Costa,2025-04-22,2025-04,14685.9,2932.21,Pagado,VEND-17
FAC-20250116,CLI-1010,Oriente,2025-01-08,2025-01,1166.87,151.54,Vencido,VEND-16
FAC-20250117,CLI-1009,Sierra,2025-05-16,2025-05,6474.75,716.17,Pendiente,VEND-11
FAC-20250118,CLI-1039,Insular,2025-06-08,2025-06,10405.45,1864.0,Pendiente,VEND-17
FAC-20250119,CLI-1040,Oriente,2025-04-28,2025-04,-1648.34,384.4,Pendiente,VEND-11
FAC-20250120,CLI-1028,Oriente,2025-05-31,2025-05,4837.74,954.74,Pendiente,VEND-14
FAC-20250121,CLI-1012,Insular,2025-05-04,2025-05,2046.47,288.6,Vencido,VEND-14
FAC-20250122,CLI-1001,Insular,2025-03-12,2025-03,617.42,131.09,Pagado,VEND-17
FAC-20250123,CLI-1018,Sierra,2025-06-05,2025-06,12128.01,1362.25,Vencido,VEND-12
FAC-20250124,CLI-1040,Costa,2025-06-10,2025-06,9871.94,1529.56,Vencido,VEND-12
FAC-20250125,CLI-1005,Oriente,2025-03-25,2025-03,11338.47,1161.82,Vencido,VEND-14
FAC-20250126,CLI-1010,Oriente,2025-05-04,2025-05,14527.07,3311.7,Pagado,VEND-17
FAC-20250127,CLI-1004,Sierra,2025-02-27,2025-02,12972.04,3198.78,Vencido,VEND-11
FAC-20250128,CLI-1025,Costa,2025-03-09,2025-03,8280.3,1609.53,Vencido,VEND-16
FAC-20250129,CLI-1040,Oriente,2025-01-28,2025-01,10285.13,1906.07,Vencido,VEND-13
FAC-20250130,CLI-1041,Costa,2025-06-12,2025-06,12445.9,1635.05,Pendiente,VEND-11
FAC-20250131,CLI-1008,Costa,2025-01-10,2025-01,4913.29,474.24,Pendiente,VEND-16
FAC-20250132,CLI-1029,Oriente,2025-06-21,2025-06,14266.02,2451.37,Pendiente,VEND-16
FAC-20250133,CLI-1041,Costa,2025-05-06,2025-05,9426.96,1202.46,Vencido,VEND-13
FAC-20250134,CLI-1028,Insular,2025-03-02,2025-03,12904.03,2536.49,Vencido,VEND-10
FAC-20250135,CLI-1025,Oriente,2025-02-18,2025-02,14539.0,3200.22,Pagado,VEND-13
FAC-20250136,CLI-1041,Costa,2025-01-13,2025-01,11908.52,1207.61,Pendiente,VEND-11
FAC-20250137,CLI-1048,Sierra,2025-05-31,2025-05,3631.29,493.33,Pendiente,VEND-10
FAC-20250138,CLI-1017,Sierra,2025-02-03,2025-02,8333.12,822.37,Pagado,VEND-12
FAC-20250139,CLI-1000,Oriente,2025-03-02,2025-03,-677.66,68.82,Pendiente,VEND-11
FAC-20250140,CLI-1047,Costa,2025-05-02,2025-05,6999.99,1266.46,Pendiente,VEND-13
FAC-20250141,CLI-1039,Costa,2025-06-18,2025-06,8061.04,1965.96,Pagado,VEND-17
FAC-20250142,CLI-1025,Insular,2025-06-25,2025-06,2065.45,320.98,Pagado,VEND-15
FAC-20250143,CLI-1038,Sierra,2025-01-17,2025-01,2329.78,418.22,Vencido,VEND-16
FAC-20250144,CLI-1038,Oriente,2025-04-27,2025-04,7830.49,1682.2,Pagado,VEND-13
FAC-20250145,CLI-1027,Insular,2025-02-28,2025-02,6500.3,960.64,Pagado,VEND-15
FAC-20250146,CLI-1027,Oriente,2025-06-20,2025-06,4195.9,825.58,Pendiente,VEND-11
FAC-20250147,CLI-1005,Costa,2025-01-24,2025-01,6762.21,969.36,Pendiente,VEND-10
FAC-20250148,CLI-1037,Oriente,2025-06-21,2025-06,2272.35,438.81,Pendiente,VEND-10
FAC-20250149,CLI-1018,Oriente,2025-04-01,2025-04,2002.21,212.84,Pendiente,VEND-13
FAC-20250150,CLI-1006,Oriente,2025-05-23,2025-05,5829.64,1035.33,Pendiente,VEND-10
FAC-20250151,CLI-1038,Oriente,2025-01-08,2025-01,3116.03,412.96,Vencido,VEND-15
FAC-20250152,CLI-1000,Sierra,2025-02-06,2025-02,8711.66,907.05,Pagado,VEND-11
FAC-20250153,CLI-1047,Sierra,2025-04-07,2025-04,6587.57,941.42,Vencido,VEND-11
FAC-20250154,CLI-1003,Sierra,2025-02-10,2025-02,-346.85,53.88,Pendiente,VEND-17
FAC-20250155,CLI-1038,Insular,2025-04-17,2025-04,4460.92,443.19,Pendiente,VEND-11
FAC-20250156,CLI-1018,Insular,2025-05-15,2025-05,-911.47,165.78,Pagado,VEND-13
FAC-20250157,CLI-1019,Sierra,2025-02-05,2025-02,11580.33,1162.63,Pendiente,VEND-16
FAC-20250158,CLI-1011,Sierra,2025-04-08,2025-04,8222.44,1438.79,Vencido,VEND-11
FAC-20250159,CLI-1025,Costa,2025-04-22,2025-04,771.75,174.85,Pendiente,VEND-16
FAC-20250160,CLI-1045,Insular,2025-03-16,2025-03,-784.58,169.65,Pendiente,VEND-15
FAC-20250161,CLI-1005,Insular,2025-01-28,2025-01,4028.09,681.04,Pendiente,VEND-14
FAC-20250162,CLI-1047,Oriente,2025-02-26,2025-02,5329.5,888.87,Pagado,VEND-13
FAC-20250163,CLI-1049,Oriente,2025-03-31,2025-03,11047.0,2414.39,Pendiente,VEND-11
FAC-20250164,CLI-1009,Oriente,2025-02-20,2025-02,3015.74,630.46,Pagado,VEND-12
FAC-20250165,CLI-1049,Insular,2025-04-29,2025-04,11439.46,1788.15,Vencido,VEND-15
FAC-20250166,CLI-1009,Insular,2025-01-18,2025-01,7299.36,1572.11,Pagado,VEND-15
FAC-20250167,CLI-1032,Costa,2025-03-21,2025-03,-863.73,111.25,Pagado,VEND-16
FAC-20250168,CLI-1029,Costa,2025-04-26,2025-04,13681.22,1532.31,Pendiente,VEND-12
FAC-20250169,CLI-1003,Insular,2025-01-27,2025-01,12259.02,3028.05,Pagado,VEND-12
FAC-20250170,CLI-1002,Sierra,2025-04-23,2025-04,14869.3,2731.0,Vencido,VEND-15
FAC-20250171,CLI-1018,Insular,2025-04-15,2025-04,11729.74,1042.8,Vencido,VEND-11
FAC-20250172,CLI-1021,Costa,2025-05-23,2025-05,10336.5,2098.67,Pendiente,VEND-15
FAC-20250173,CLI-1005,Sierra,2025-03-31,2025-03,4998.36,962.5,Pendiente,VEND-11
FAC-20250174,CLI-1019,Insular,2025-06-14,2025-06,11979.1,2322.98,Pagado,VEND-16
FAC-20250175,CLI-1032,Oriente,2025-01-05,2025-01,5757.67,670.27,Pendiente,VEND-13
FAC-20250176,CLI-1014,Sierra,2025-02-09,2025-02,1618.89,157.35,Pagado,VEND-15
FAC-20250177,CLI-1049,Sierra,2025-06-02,2025-06,5962.44,1319.66,Pendiente,VEND-17
FAC-20250178,CLI-1002,Insular,2025-04-04,2025-04,10307.26,1602.92,Vencido,VEND-17
FAC-20250179,CLI-1014,Sierra,2025-03-21,2025-03,14501.15,3388.57,Pendiente,VEND-15
FAC-20250180,CLI-1043,Insular,2025-04-29,2025-04,11656.86,1929.14,Pendiente,VEND-12
FAC-20250181,CLI-1012,Sierra,2025-03-06,2025-03,1256.61,179.83,Pagado,VEND-11
FAC-20250182,CLI-1018,Costa,2025-02-11,2025-02,4455.47,468.04,Pendiente,VEND-11
FAC-20250183,CLI-1014,Insular,2025-03-31,2025-03,13991.84,2062.36,Vencido,VEND-13
FAC-20250184,CLI-1024,Costa,2025-04-06,2025-04,3755.81,363.73,Vencido,VEND-12
FAC-20250185,CLI-1008,Costa,2025-03-15,2025-03,13802.24,3054.28,Pendiente,VEND-17
FAC-20250186,CLI-1039,Costa,2025-01-21,2025-01,775.56,81.76,Pendiente,VEND-11
FAC-20250187,CLI-1049,Oriente,2025-03-02,2025-03,-955.69,205.44,Pendiente,VEND-11
FAC-20250188,CLI-1007,Insular,2025-06-02,2025-06,8272.78,1470.55,Pendiente,VEND-14
FAC-20250189,CLI-1027,Costa,2025-06-07,2025-06,5615.83,628.09,Pagado,VEND-15
FAC-20250190,CLI-1004,Costa,2025-04-10,2025-04,-896.39,128.6,Pagado,VEND-15
FAC-20250191,CLI-1004,Oriente,2025-03-03,2025-03,11127.64,2349.66,Vencido,VEND-12
FAC-20250192,CLI-1002,Oriente,2025-05-20,2025-05,5408.94,1196.27,Pendiente,VEND-17
FAC-20250193,CLI-1040,Sierra,2025-02-04,2025-02,1414.96,223.29,Vencido,VEND-13
FAC-20250194,CLI-1002,Sierra,2025-01-11,2025-01,5076.14,749.74,Pendiente,VEND-14
FAC-20250195,CLI-1002,Sierra,2025-03-15,2025-03,5676.13,1289.54,Vencido,VEND-14
FAC-20250196,CLI-1007,Oriente,2025-04-22,2025-04,13397.55,3109.42,Pendiente,VEND-15
FAC-20250197,CLI-1011,Insular,2025-05-08,2025-05,5826.53,730.31,Pagado,VEND-16
FAC-20250198,CLI-1005,Insular,2025-06-04,2025-06,14928.92,1939.87,Pagado,VEND-11
FAC-20250199,CLI-1020,Oriente,2025-03-20,2025-03,6965.78,754.6,Pendiente,VEND-15
FAC-20250200,CLI-1028,Costa,2025-04-01,2025-04,9415.35,1776.77,Pagado,VEND-11
FAC-20250201,CLI-1042,Insular,2025-04-04,2025-04,7939.75,851.12,Pagado,VEND-12
FAC-20250202,CLI-1038,Insular,2025-01-09,2025-01,2330.34,442.01,Vencido,VEND-16
FAC-20250203,CLI-1036,Costa,2025-06-04,2025-06,2724.85,389.83,Pendiente,VEND-11
FAC-20250204,CLI-1036,Sierra,2025-05-16,2025-05,5820.77,741.43,Pagado,VEND-10
FAC-20250205,CLI-1047,Sierra,2025-05-08,2025-05,8007.31,800.89,Vencido,VEND-17
FAC-20250206,CLI-1013,Oriente,2025-05-06,2025-05,3402.59,315.04,Pendiente,VEND-17
FAC-20250207,CLI-1005,Oriente,2025-06-20,2025-06,5537.67,953.42,Vencido,VEND-12
FAC-20250208,CLI-1045,Sierra,2025-04-03,2025-04,7876.96,899.29,Pendiente,VEND-13
FAC-20250209,CLI-1031,Costa,2025-04-03,2025-04,8533.31,1848.51,Pendiente,VEND-11
FAC-20250210,CLI-1004,Oriente,2025-04-12,2025-04,14994.13,2539.53,Pendiente,VEND-11
FAC-20250211,CLI-1008,Oriente,2025-06-14,2025-06,1575.39,264.59,Pendiente,VEND-12
FAC-20250212,CLI-1049,Sierra,2025-04-21,2025-04,7791.52,1724.55,Pendiente,VEND-14
FAC-20250213,CLI-1010,Sierra,2025-03-24,2025-03,14053.7,3387.96,Vencido,VEND-11
FAC-20250214,CLI-1016,Sierra,2025-06-12,2025-06,14367.1,2675.93,Pagado,VEND-12
FAC-20250215,CLI-1037,Sierra,2025-02-13,2025-02,10051.63,1838.18,Pagado,VEND-10
FAC-20250216,CLI-1005,Costa,2025-06-14,2025-06,11679.82,1352.96,Pendiente,VEND-10
FAC-20250217,CLI-1031,Oriente,2025-06-14,2025-06,14371.43,3115.68,Pendiente,VEND-14
FAC-20250218,CLI-1029,Costa,2025-01-16,2025-01,2792.17,443.83,Vencido,VEND-12
FAC-20250219,CLI-1020,Oriente,2025-03-30,2025-03,14642.92,2093.82,Pagado,VEND-15
FAC-20250220,CLI-1015,Insular,2025-02-01,2025-02,4378.34,422.33,Vencido,VEND-16
FAC-20250221,CLI-1039,Insular,2025-03-05,2025-03,14458.94,3156.26,Vencido,VEND-13
FAC-20250222,CLI-1048,Sierra,2025-05-08,2025-05,14941.56,3428.23,Pendiente,VEND-10
FAC-20250223,CLI-1005,Insular,2025-05-10,2025-05,7129.84,1277.44,Pagado,VEND-10
FAC-20250224,CLI-1018,Insular,2025-06-02,2025-06,13293.92,2127.02,Pagado,VEND-11
FAC-20250225,CLI-1027,Sierra,2025-03-09,2025-03,11048.87,1571.25,Pendiente,VEND-10
FAC-20250226,CLI-1036,Sierra,2025-04-03,2025-04,8521.73,1412.25,Vencido,VEND-11
FAC-20250227,CLI-1008,Costa,2025-04-11,2025-04,5911.38,1033.49,Vencido,VEND-12
FAC-20250228,CLI-1012,Insular,2025-05-09,2025-05,-1484.47,321.65,Pendiente,VEND-12
FAC-20250229,CLI-1038,Sierra,2025-03-25,2025-03,14004.85,2055.94,Vencido,VEND-15
FAC-20250230,CLI-1032,Insular,2025-05-25,2025-05,4846.96,691.28,Pagado,VEND-16
FAC-20250231,CLI-1037,Oriente,2025-06-11,2025-06,886.38,216.63,Pendiente,VEND-10
FAC-20250232,CLI-1037,Insular,2025-02-13,2025-02,8101.37,1714.92,Pendiente,VEND-12
FAC-20250233,CLI-1043,Sierra,2025-01-09,2025-01,8802.27,989.67,Pendiente,VEND-15
FAC-20250234,CLI-1026,Sierra,2025-04-16,2025-04,10512.25,2225.92,Pendiente,VEND-10
FAC-20250235,CLI-1045,Sierra,2025-05-13,2025-05,3506.45,675.27,Pendiente,VEND-15
FAC-20250236,CLI-1011,Insular,2025-05-17,2025-05,5463.74,1154.15,Vencido,VEND-17
FAC-20250237,CLI-1012,Sierra,2025-03-13,2025-03,8592.26,2108.5,Vencido,VEND-14
FAC-20250238,CLI-1045,Sierra,2025-05-06,2025-05,5097.09,1216.82,Vencido,VEND-14
FAC-20250239,CLI-1007,Insular,2025-04-12,2025-04,12366.47,2680.86,Vencido,VEND-10
FAC-20250240,CLI-1018,Costa,2025-03-30,2025-03,13898.14,2877.58,Pendiente,VEND-13
FAC-20250241,CLI-1034,Oriente,2025-05-24,2025-05,10594.48,1956.43,Pendiente,VEND-13
FAC-20250242,CLI-1003,Sierra,2025-06-13,2025-06,3876.13,527.73,Pendiente,VEND-11
FAC-20250243,CLI-1043,Sierra,2025-01-02,2025-01,14485.52,1547.78,Pendiente,VEND-17
FAC-20250244,CLI-1041,Sierra,2025-03-15,2025-03,5156.93,1208.52,Pagado,VEND-13
FAC-20250245,CLI-1034,Costa,2025-02-14,2025-02,6559.33,1566.15,Pagado,VEND-16
FAC-20250246,CLI-1031,Sierra,2025-03-16,2025-03,-1222.33,120.08,Vencido,VEND-14
FAC-20250247,CLI-1029,Insular,2025-02-04,2025-02,12840.37,1448.11,Pagado,VEND-15
FAC-20250248,CLI-1010,Insular,2025-06-15,2025-06,4230.34,868.17,Vencido,VEND-13
FAC-20250249,CLI-1011,Insular,2025-04-20,2025-04,7971.57,1544.68,Pendiente,VEND-12
FAC-20250250,CLI-1030,Oriente,2025-03-05,2025-03,599.04,93.42,Vencido,VEND-15
FAC-20250251,CLI-1019,Costa,2025-03-08,2025-03,9978.41,903.66,Pagado,VEND-17
FAC-20250252,CLI-1019,Sierra,2025-04-14,2025-04,10448.07,2412.73,Vencido,VEND-11
FAC-20250253,CLI-1040,Oriente,2025-04-05,2025-04,9412.07,966.68,Pendiente,VEND-17
FAC-20250254,CLI-1047,Oriente,2025-04-17,2025-04,10678.14,2229.06,Pendiente,VEND-13
FAC-20250255,CLI-1043,Costa,2025-05-15,2025-05,6977.85,650.88,Pagado,VEND-10
FAC-20250256,CLI-1035,Sierra,2025-05-27,2025-05,8281.57,1865.53,Pendiente,VEND-11
FAC-20250257,CLI-1043,Sierra,2025-05-30,2025-05,7588.01,1181.7,Pagado,VEND-17
FAC-20250258,CLI-1008,Insular,2025-04-27,2025-04,8676.71,1686.5,Vencido,VEND-10
FAC-20250259,CLI-1025,Oriente,2025-01-01,2025-01,11314.17,992.24,Vencido,VEND-11
FAC-20250260,CLI-1034,Costa,2025-01-18,2025-01,14798.99,1906.19,Pendiente,VEND-12
FAC-20250261,CLI-1049,Insular,2025-04-06,2025-04,14896.42,3393.93,Pendiente,VEND-16
FAC-20250262,CLI-1005,Sierra,2025-06-17,2025-06,12974.16,3227.76,Pendiente,VEND-12
FAC-20250263,CLI-1046,Sierra,2025-01-01,2025-01,11464.6,1819.55,Pendiente,VEND-16
FAC-20250264,CLI-1014,Sierra,2025-04-28,2025-04,5519.32,1321.1,Pagado,VEND-10
FAC-20250265,CLI-1042,Insular,2025-06-07,2025-06,11607.78,959.5,Pendiente,VEND-11
FAC-20250266,CLI-1006,Costa,2025-04-25,2025-04,9167.88,809.29,Pagado,VEND-16
FAC-20250267,CLI-1028,Sierra,2025-05-19,2025-05,3650.4,327.06,Vencido,VEND-13
FAC-20250268,CLI-1046,Oriente,2025-05-28,2025-05,9169.81,1233.46,Vencido,VEND-12
FAC-20250269,CLI-1042,Sierra,2025-04-16,2025-04,4857.26,1171.81,Pendiente,VEND-16
FAC-20250270,CLI-1035,Insular,2025-01-13,2025-01,14598.21,2833.92,Vencido,VEND-16
FAC-20250271,CLI-1026,Sierra,2025-03-18,2025-03,5958.67,956.36,Pendiente,VEND-14
FAC-20250272,CLI-1045,Sierra,2025-04-29,2025-04,13763.75,3365.56,Pendiente,VEND-16
FAC-20250273,CLI-1015,Oriente,2025-02-22,2025-02,5288.81,827.51,Vencido,VEND-11
FAC-20250274,CLI-1034,Sierra,2025-01-14,2025-01,4392.69,801.65,Pagado,VEND-13
FAC-20250275,CLI-1048,Sierra,2025-05-03,2025-05,3528.89,464.2,Pagado,VEND-13
FAC-20250276,CLI-1012,Costa,2025-05-03,2025-05,13759.4,2746.94,Pendiente,VEND-13
FAC-20250277,CLI-1035,Oriente,2025-03-14,2025-03,6019.6,849.21,Vencido,VEND-15
FAC-20250278,CLI-1032,Insular,2025-04-30,2025-04,1929.82,308.41,Vencido,VEND-13
FAC-20250279,CLI-1023,Oriente,2025-04-16,2025-04,1162.87,239.57,Pagado,VEND-14
FAC-20250280,CLI-1035,Insular,2025-03-17,2025-03,2709.97,391.79,Pendiente,VEND-17
FAC-20250281,CLI-1035,Oriente,2025-03-07,2025-03,11568.73,2348.51,Pendiente,VEND-17
FAC-20250282,CLI-1010,Oriente,2025-02-13,2025-02,2529.4,281.49,Pagado,VEND-10
FAC-20250283,CLI-1004,Costa,2025-01-02,2025-01,6479.69,773.31,Pendiente,VEND-10
FAC-20250284,CLI-1013,Insular,2025-04-06,2025-04,1376.53,328.67,Pendiente,VEND-17
FAC-20250285,CLI-1001,Costa,2025-05-17,2025-05,-1152.95,146.09,Vencido,VEND-10
FAC-20250286,CLI-1032,Insular,2025-02-15,2025-02,2051.74,216.07,Pendiente,VEND-14
FAC-20250287,CLI-1022,Oriente,2025-04-12,2025-04,1645.78,260.08,Pendiente,VEND-13
FAC-20250288,CLI-1019,Costa,2025-06-17,2025-06,14879.28,1270.49,Pendiente,VEND-16
FAC-20250289,CLI-1024,Insular,2025-01-15,2025-01,9732.85,915.44,Pendiente,VEND-15
FAC-20250290,CLI-1036,Costa,2025-05-16,2025-05,13827.71,3224.85,Pendiente,VEND-14
FAC-20250291,CLI-1002,Costa,2025-06-25,2025-06,13920.98,2447.26,Pagado,VEND-12
FAC-20250292,CLI-1020,Costa,2025-02-23,2025-02,9012.02,1812.87,Pendiente,VEND-11
FAC-20250293,CLI-1019,Sierra,2025-05-25,2025-05,3986.85,582.7,Vencido,VEND-16
FAC-20250294,CLI-1048,Sierra,2025-01-21,2025-01,7761.5,691.77,Pendiente,VEND-13
FAC-20250295,CLI-1004,Oriente,2025-06-04,2025-06,11650.58,1717.76,Vencido,VEND-10
FAC-20250296,CLI-1040,Oriente,2025-04-26,2025-04,7613.75,1827.26,Pendiente,VEND-12
FAC-20250297,CLI-1043,Insular,2025-01-22,2025-01,11696.43,1425.75,Pagado,VEND-11
FAC-20250298,CLI-1017,Sierra,2025-04-08,2025-04,10819.32,2225.98,Vencido,VEND-15
FAC-20250299,CLI-1006,Costa,2025-01-02,2025-01,14172.92,2968.22,Pagado,VEND-12
FAC-20250300,CLI-1005,Sierra,2025-04-21,2025-04,7008.23,1046.8,Pagado,VEND-11
FAC-20250301,CLI-1022,Costa,2025-06-02,2025-06,9171.64,1334.39,Vencido,VEND-16
FAC-20250302,CLI-1024,Costa,2025-05-24,2025-05,13625.51,2414.89,Pendiente,VEND-16
FAC-20250303,CLI-1010,Sierra,2025-03-10,2025-03,4866.4,441.65,Pendiente,VEND-14
FAC-20250304,CLI-1026,Oriente,2025-05-04,2025-05,11848.67,2849.82,Pendiente,VEND-13
FAC-20250305,CLI-1029,Costa,2025-02-04,2025-02,4917.54,671.13,Pendiente,VEND-15
FAC-20250306,CLI-1028,Oriente,2025-04-21,2025-04,12324.39,3027.1,Pendiente,VEND-14
FAC-20250307,CLI-1020,Sierra,2025-05-03,2025-05,5055.66,1237.04,Vencido,VEND-17
FAC-20250308,CLI-1036,Sierra,2025-03-25,2025-03,5952.8,873.86,Pagado,VEND-13
FAC-20250309,CLI-1037,Sierra,2025-06-24,2025-06,-1508.98,362.62,Pendiente,VEND-17
FAC-20250310,CLI-1018,Costa,2025-04-15,2025-04,10258.18,1348.76,Vencido,VEND-12
FAC-20250311,CLI-1045,Insular,2025-04-07,2025-04,1572.49,253.91,Pendiente,VEND-16
FAC-20250312,CLI-1034,Costa,2025-04-03,2025-04,10673.7,1931.4,Pagado,VEND-11
FAC-20250313,CLI-1049,Sierra,2025-06-18,2025-06,10138.06,1866.98,Pendiente,VEND-15
FAC-20250314,CLI-1027,Costa,2025-01-03,2025-01,1929.8,399.4,Pendiente,VEND-17
FAC-20250315,CLI-1023,Insular,2025-04-29,2025-04,11698.96,1931.25,Vencido,VEND-10
FAC-20250316,CLI-1030,Costa,2025-03-17,2025-03,6531.64,651.41,Pendiente,VEND-15
FAC-20250317,CLI-1019,Oriente,2025-04-27,2025-04,11871.91,1652.7,Pagado,VEND-17
FAC-20250318,CLI-1046,Insular,2025-03-23,2025-03,-1479.4,124.03,Vencido,VEND-11
FAC-20250319,CLI-1043,Sierra,2025-03-04,2025-03,7981.91,1087.68,Pendiente,VEND-17
FAC-20250320,CLI-1014,Insular,2025-06-11,2025-06,3174.55,487.18,Pagado,VEND-13
FAC-20250321,CLI-1028,Insular,2025-04-10,2025-04,564.53,71.88,Pagado,VEND-11
FAC-20250322,CLI-1034,Sierra,2025-04-04,2025-04,5226.78,651.26,Pendiente,VEND-15
FAC-20250323,CLI-1038,Insular,2025-06-06,2025-06,6191.89,865.86,Pendiente,VEND-12
FAC-20250324,CLI-1043,Oriente,2025-06-07,2025-06,9057.44,1206.83,Pendiente,VEND-14
FAC-20250325,CLI-1007,Sierra,2025-04-06,2025-04,10554.83,1594.84,Pendiente,VEND-16
FAC-20250326,CLI-1027,Sierra,2025-05-05,2025-05,9714.77,1842.84,Pendiente,VEND-12
FAC-20250327,CLI-1031,Oriente,2025-02-05,2025-02,3212.93,595.35,Vencido,VEND-10
FAC-20250328,CLI-1031,Sierra,2025-02-19,2025-02,12320.63,2044.29,Pendiente,VEND-16
FAC-20250329,CLI-1043,Insular,2025-04-17,2025-04,10797.06,1170.76,Pagado,VEND-13
FAC-20250330,CLI-1018,Costa,2025-03-12,2025-03,3760.23,799.9,Pendiente,VEND-11
FAC-20250331,CLI-1036,Costa,2025-03-10,2025-03,11739.14,1671.26,Pagado,VEND-17
FAC-20250332,CLI-1034,Sierra,2025-04-19,2025-04,1985.04,412.35,Vencido,VEND-10
FAC-20250333,CLI-1028,Oriente,2025-03-31,2025-03,13001.89,2952.72,Pagado,VEND-13
FAC-20250334,CLI-1013,Oriente,2025-06-06,2025-06,9675.17,1003.02,Pendiente,VEND-13
FAC-20250335,CLI-1003,Oriente,2025-05-17,2025-05,4575.73,617.82,Vencido,VEND-14
FAC-20250336,CLI-1036,Oriente,2025-05-12,2025-05,14789.58,1422.58,Pendiente,VEND-10
FAC-20250337,CLI-1017,Sierra,2025-02-03,2025-02,4120.32,909.94,Pendiente,VEND-17
FAC-20250338,CLI-1009,Oriente,2025-06-10,2025-06,6506.26,1221.33,Pagado,VEND-16
FAC-20250339,CLI-1032,Oriente,2025-04-05,2025-04,7093.09,1269.18,Pagado,VEND-17
FAC-20250340,CLI-1040,Oriente,2025-01-17,2025-01,12037.33,2944.11,Pendiente,VEND-17
FAC-20250341,CLI-1017,Oriente,2025-03-14,2025-03,5397.45,951.27,Pendiente,VEND-15
FAC-20250342,CLI-1043,Costa,2025-01-12,2025-01,1943.83,307.38,Pagado,VEND-12
FAC-20250343,CLI-1028,Insular,2025-01-01,2025-01,14881.65,3709.52,Pendiente,VEND-14
FAC-20250344,CLI-1010,Oriente,2025-01-24,2025-01,9991.53,1430.92,Pendiente,VEND-10
FAC-20250345,CLI-1025,Oriente,2025-03-01,2025-03,6723.85,646.71,Pendiente,VEND-17
FAC-20250346,CLI-1004,Sierra,2025-06-01,2025-06,3779.77,308.35,Vencido,VEND-11
FAC-20250347,CLI-1027,Sierra,2025-05-03,2025-05,1527.01,311.86,Pagado,VEND-11
FAC-20250348,CLI-1020,Oriente,2025-03-18,2025-03,2488.37,517.67,Pendiente,VEND-12
FAC-20250349,CLI-1004,Costa,2025-06-06,2025-06,9925.29,2012.98,Pendiente,VEND-16
FAC-20250350,CLI-1039,Insular,2025-02-25,2025-02,1756.98,365.3,Pendiente,VEND-15
FAC-20250351,CLI-1027,Oriente,2025-02-05,2025-02,4092.9,500.1,Vencido,VEND-10
FAC-20250352,CLI-1042,Oriente,2025-02-22,2025-02,8007.36,1658.59,Vencido,VEND-10
FAC-20250353,CLI-1015,Insular,2025-04-09,2025-04,2134.78,386.33,Pagado,VEND-15
FAC-20250354,CLI-1020,Sierra,2025-04-10,2025-04,12981.8,1844.97,Pendiente,VEND-17
FAC-20250355,CLI-1049,Costa,2025-01-05,2025-01,-588.34,139.34,Pendiente,VEND-14
FAC-20250356,CLI-1040,Insular,2025-04-19,2025-04,10676.25,1827.95,Pendiente,VEND-14
FAC-20250357,CLI-1005,Oriente,2025-01-21,2025-01,7913.92,1720.25,Vencido,VEND-16
FAC-20250358,CLI-1037,Costa,2025-03-21,2025-03,10630.8,2380.23,Pagado,VEND-13
FAC-20250359,CLI-1005,Insular,2025-01-30,2025-01,7073.89,937.85,Pendiente,VEND-11
FAC-20250360,CLI-1000,Sierra,2025-01-03,2025-01,2875.57,485.72,Vencido,VEND-12
FAC-20250361,CLI-1023,Sierra,2025-03-10,2025-03,11127.57,2592.53,Vencido,VEND-16
FAC-20250362,CLI-1017,Costa,2025-03-09,2025-03,10828.69,1008.17,Pendiente,VEND-15
FAC-20250363,CLI-1003,Insular,2025-05-26,2025-05,2919.78,617.43,Pagado,VEND-13
FAC-20250364,CLI-1047,Costa,2025-01-12,2025-01,-282.77,40.12,Pendiente,VEND-12
FAC-20250365,CLI-1002,Insular,2025-02-27,2025-02,5166.13,1045.88,Vencido,VEND-11
FAC-20250366,CLI-1036,Oriente,2025-01-31,2025-01,7779.59,859.56,Pagado,VEND-16
FAC-20250367,CLI-1004,Insular,2025-03-14,2025-03,11716.15,1109.35,Pendiente,VEND-10
FAC-20250368,CLI-1023,Sierra,2025-03-16,2025-03,8675.2,1612.39,Pendiente,VEND-15
FAC-20250369,CLI-1037,Insular,2025-02-20,2025-02,11120.72,2394.46,Pendiente,VEND-10
FAC-20250370,CLI-1026,Costa,2025-03-01,2025-03,8352.41,1652.84,Pagado,VEND-15
FAC-20250371,CLI-1000,Insular,2025-03-20,2025-03,2007.26,241.85,Pendiente,VEND-10
FAC-20250372,CLI-1009,Oriente,2025-01-24,2025-01,1136.55,254.29,Pendiente,VEND-15
FAC-20250373,CLI-1029,Costa,2025-05-29,2025-05,1885.87,413.75,Pagado,VEND-10
FAC-20250374,CLI-1027,Sierra,2025-03-02,2025-03,4729.3,1122.86,Pendiente,VEND-15
FAC-20250375,CLI-1020,Insular,2025-03-11,2025-03,3887.36,400.94,Pagado,VEND-12
FAC-20250376,CLI-1006,Sierra,2025-04-26,2025-04,7257.8,1241.86,Pendiente,VEND-17
FAC-20250377,CLI-1019,Insular,2025-03-09,2025-03,12860.99,2794.58,Vencido,VEND-10
FAC-20250378,CLI-1013,Oriente,2025-02-07,2025-02,1822.59,256.03,Pagado,VEND-14
FAC-20250379,CLI-1016,Sierra,2025-01-08,2025-01,14305.4,2496.47,Pendiente,VEND-11
FAC-20250380,CLI-1029,Costa,2025-02-05,2025-02,2261.07,481.07,Pendiente,VEND-12
FAC-20250381,CLI-1012,Insular,2025-04-06,2025-04,10451.14,985.4,Vencido,VEND-11
FAC-20250382,CLI-1001,Costa,2025-02-20,2025-02,13586.19,1384.36,Vencido,VEND-11
FAC-20250383,CLI-1002,Insular,2025-01-13,2025-01,2935.84,644.96,Pendiente,VEND-17
FAC-20250384,CLI-1001,Insular,2025-06-24,2025-06,6686.63,1567.42,Vencido,VEND-14
FAC-20250385,CLI-1028,Sierra,2025-01-09,2025-01,9404.55,1787.22,Pendiente,VEND-16
FAC-20250386,CLI-1035,Insular,2025-01-16,2025-01,1771.96,268.04,Pendiente,VEND-10
FAC-20250387,CLI-1024,Oriente,2025-05-03,2025-05,8395.51,1974.25,Vencido,VEND-16
FAC-20250388,CLI-1017,Sierra,2025-01-07,2025-01,5123.72,1190.14,Vencido,VEND-10
FAC-20250389,CLI-1030,Oriente,2025-05-30,2025-05,14994.28,1454.79,Pendiente,VEND-14
FAC-20250390,CLI-1034,Costa,2025-02-26,2025-02,8847.54,1292.02,Pendiente,VEND-12
FAC-20250391,CLI-1015,Oriente,2025-04-02,2025-04,-1461.01,352.23,Pendiente,VEND-13
FAC-20250392,CLI-1031,Oriente,2025-02-14,2025-02,7611.33,909.9,Pendiente,VEND-10
FAC-20250393,CLI-1033,Insular,2025-01-01,2025-01,5310.14,1152.81,Vencido,VEND-12
FAC-20250394,CLI-1020,Costa,2025-01-06,2025-01,2641.82,274.96,Pagado,VEND-15
FAC-20250395,CLI-1004,Oriente,2025-06-19,2025-06,6236.14,818.81,Pendiente,VEND-12
FAC-20250396,CLI-1046,Insular,2025-06-13,2025-06,14429.6,1581.69,Vencido,VEND-13
FAC-20250397,CLI-1042,Sierra,2025-04-07,2025-04,4948.94,503.06,Pagado,VEND-16
FAC-20250398,CLI-1049,Costa,2025-02-16,2025-02,9234.64,2257.69,Pendiente,VEND-11
FAC-20250399,CLI-1031,Sierra,2025-03-26,2025-03,11307.48,2793.0,Pendiente,VEND-11
FAC-20250400,CLI-1045,Oriente,2025-04-25,2025-04,665.24,131.61,Vencido,VEND-14
FAC-20250401,CLI-1006,Costa,2025-01-13,2025-01,6096.09,1492.0,Pendiente,VEND-17
FAC-20250402,CLI-1024,Oriente,2025-05-20,2025-05,5942.54,1272.2,Pendiente,VEND-12
FAC-20250403,CLI-1028,Costa,2025-01-09,2025-01,4776.17,1154.79,Pagado,VEND-15
FAC-20250404,CLI-1010,Insular,2025-02-11,2025-02,11113.78,2585.97,Pagado,VEND-15
FAC-20250405,CLI-1038,Insular,2025-01-08,2025-01,6754.19,1237.66,Pendiente,VEND-12
FAC-20250406,CLI-1003,Costa,2025-03-26,2025-03,3480.48,690.96,Vencido,VEND-14
FAC-20250407,CLI-1019,Sierra,2025-01-25,2025-01,1219.71,271.72,Pendiente,VEND-10
FAC-20250408,CLI-1023,Costa,2025-04-20,2025-04,1770.61,329.8,Pendiente,VEND-13
FAC-20250409,CLI-1006,Costa,2025-02-22,2025-02,2977.07,279.63,Pagado,VEND-14
FAC-20250410,CLI-1025,Insular,2025-05-06,2025-05,13475.72,2548.49,Pendiente,VEND-12
FAC-20250411,CLI-1023,Insular,2025-04-05,2025-04,-991.53,123.72,Vencido,VEND-10
FAC-20250412,CLI-1009,Costa,2025-01-22,2025-01,10188.05,1532.06,Pendiente,VEND-10
FAC-20250413,CLI-1024,Insular,2025-05-18,2025-05,10462.49,1855.64,Pendiente,VEND-17
FAC-20250414,CLI-1019,Costa,2025-04-12,2025-04,13590.27,2247.25,Pendiente,VEND-11
FAC-20250415,CLI-1048,Insular,2025-02-14,2025-02,14261.39,1654.63,Pendiente,VEND-12
FAC-20250416,CLI-1002,Insular,2025-01-21,2025-01,14830.06,3700.63,Pendiente,VEND-14
FAC-20250417,CLI-1020,Costa,2025-01-23,2025-01,6127.44,829.91,Vencido,VEND-17
FAC-20250418,CLI-1000,Insular,2025-01-29,2025-01,6509.41,1171.36,Pagado,VEND-11
FAC-20250419,CLI-1036,Costa,2025-03-15,2025-03,13078.39,2998.12,Vencido,VEND-16
FAC-20250420,CLI-1041,Insular,2025-05-27,2025-05,-695.75,72.67,Pendiente,VEND-10
FAC-20250421,CLI-1025,Oriente,2025-03-02,2025-03,1214.72,152.64,Vencido,VEND-10
FAC-20250422,CLI-1021,Oriente,2025-03-21,2025-03,4565.03,905.48,Pagado,VEND-13
FAC-20250423,CLI-1008,Oriente,2025-04-24,2025-04,11723.45,2390.36,Pagado,VEND-13
FAC-20250424,CLI-1028,Sierra,2025-04-15,2025-04,11243.7,2557.07,Pagado,VEND-12
FAC-20250425,CLI-1004,Oriente,2025-05-10,2025-05,6349.08,1073.81,Pagado,VEND-12
FAC-20250426,CLI-1012,Sierra,2025-01-15,2025-01,4117.61,972.02,Pendiente,VEND-14
FAC-20250427,CLI-1023,Insular,2025-05-10,2025-05,6255.66,1224.86,Pendiente,VEND-15
FAC-20250428,CLI-1031,Insular,2025-02-15,2025-02,14427.55,2506.45,Vencido,VEND-12
FAC-20250429,CLI-1016,Costa,2025-03-14,2025-03,-1736.88,369.21,Pendiente,VEND-13
FAC-20250430,CLI-1041,Sierra,2025-06-23,2025-06,3497.6,585.0,Pagado,VEND-17
FAC-20250431,CLI-1008,Sierra,2025-06-03,2025-06,12112.54,2221.66,Vencido,VEND-14
FAC-20250432,CLI-1027,Insular,2025-03-31,2025-03,7155.47,939.98,Pendiente,VEND-11
FAC-20250433,CLI-1000,Oriente,2025-05-24,2025-05,9886.46,1292.56,Pagado,VEND-17
FAC-20250434,CLI-1004,Oriente,2025-03-12,2025-03,9788.62,1217.66,Vencido,VEND-13
FAC-20250435,CLI-1009,Sierra,2025-01-15,2025-01,12178.73,2216.6,Vencido,VEND-12
FAC-20250436,CLI-1046,Costa,2025-06-17,2025-06,7711.91,1805.94,Pendiente,VEND-16
FAC-20250437,CLI-1047,Costa,2025-05-30,2025-05,10767.0,1208.98,Pendiente,VEND-17
FAC-20250438,CLI-1042,Oriente,2025-05-10,2025-05,4852.83,930.75,Pendiente,VEND-14
FAC-20250439,CLI-1006,Insular,2025-02-02,2025-02,11243.32,1967.98,Pendiente,VEND-15
FAC-20250440,CLI-1041,Costa,2025-02-26,2025-02,5651.61,747.17,Vencido,VEND-15
FAC-20250441,CLI-1016,Oriente,2025-04-29,2025-04,12842.6,2918.95,Pagado,VEND-17
FAC-20250442,CLI-1012,Costa,2025-06-24,2025-06,6034.2,538.19,Pendiente,VEND-12
FAC-20250443,CLI-1012,Oriente,2025-04-15,2025-04,14814.28,3669.95,Pendiente,VEND-15
FAC-20250444,CLI-1045,Sierra,2025-01-21,2025-01,7569.92,833.15,Pagado,VEND-10
FAC-20250445,CLI-1028,Oriente,2025-02-23,2025-02,11537.3,2422.4,Pendiente,VEND-11
FAC-20250446,CLI-1008,Insular,2025-06-12,2025-06,6726.44,1084.02,Pagado,VEND-10
FAC-20250447,CLI-1034,Sierra,2025-04-06,2025-04,14275.99,2978.89,Pendiente,VEND-10
FAC-20250448,CLI-1043,Costa,2025-06-10,2025-06,11137.25,2551.4,Vencido,VEND-12
FAC-20250449,CLI-1006,Insular,2025-05-09,2025-05,9035.72,1988.34,Vencido,VEND-14
FAC-20250450,CLI-1029,Oriente,2025-04-22,2025-04,13375.62,1849.37,Pendiente,VEND-15
FAC-20250451,CLI-1048,Sierra,2025-02-12,2025-02,14247.22,2116.8,Pendiente,VEND-13
FAC-20250452,CLI-1046,Sierra,2025-02-24,2025-02,11144.11,1211.67,Vencido,VEND-10
FAC-20250453,CLI-1024,Oriente,2025-05-17,2025-05,9535.45,840.58,Pagado,VEND-10
FAC-20250454,CLI-1003,Costa,2025-04-17,2025-04,6942.56,853.7,Pendiente,VEND-13
FAC-20250455,CLI-1044,Costa,2025-03-19,2025-03,6602.64,1112.23,Pendiente,VEND-16
FAC-20250456,CLI-1006,Costa,2025-03-14,2025-03,2153.18,244.97,Pendiente,VEND-14
FAC-20250457,CLI-1033,Sierra,2025-04-02,2025-04,10699.83,927.66,Pendiente,VEND-13
FAC-20250458,CLI-1044,Insular,2025-03-26,2025-03,-360.21,35.58,Pendiente,VEND-12
FAC-20250459,CLI-1005,Costa,2025-01-26,2025-01,13619.3,2147.05,Vencido,VEND-14
FAC-20250460,CLI-1029,Costa,2025-01-26,2025-01,12291.09,2764.05,Vencido,VEND-15
FAC-20250461,CLI-1027,Costa,2025-01-25,2025-01,12843.07,1048.56,Pendiente,VEND-12
FAC-20250462,CLI-1021,Oriente,2025-04-23,2025-04,14348.79,2936.07,Vencido,VEND-15
FAC-20250463,CLI-1011,Costa,2025-04-13,2025-04,6303.63,1399.85,Pendiente,VEND-16
FAC-20250464,CLI-1041,Sierra,2025-01-29,2025-01,2421.42,597.77,Pendiente,VEND-11
FAC-20250465,CLI-1026,Insular,2025-05-26,2025-05,10336.7,1494.25,Vencido,VEND-10
FAC-20250466,CLI-1043,Sierra,2025-05-04,2025-05,13845.77,2075.73,Pagado,VEND-11
FAC-20250467,CLI-1016,Oriente,2025-01-04,2025-01,10716.24,2255.55,Pendiente,VEND-15
FAC-20250468,CLI-1033,Costa,2025-04-21,2025-04,10094.84,1400.94,Pendiente,VEND-12
FAC-20250469,CLI-1035,Costa,2025-01-03,2025-01,9829.28,2204.74,Pendiente,VEND-12
FAC-20250470,CLI-1004,Insular,2025-03-24,2025-03,3992.93,353.61,Pendiente,VEND-16
FAC-20250471,CLI-1025,Sierra,2025-01-21,2025-01,7156.87,1117.74,Pendiente,VEND-17
FAC-20250472,CLI-1020,Costa,2025-05-08,2025-05,-926.19,79.74,Pagado,VEND-11
FAC-20250473,CLI-1038,Oriente,2025-05-11,2025-05,8653.82,1363.46,Vencido,VEND-15
FAC-20250474,CLI-1003,Sierra,2025-04-27,2025-04,5313.6,967.03,Vencido,VEND-17
FAC-20250475,CLI-1007,Costa,2025-06-18,2025-06,3715.33,821.39,Vencido,VEND-15
FAC-20250476,CLI-1044,Costa,2025-01-12,2025-01,13504.72,2967.16,Pendiente,VEND-11
FAC-20250477,CLI-1016,Sierra,2025-02-18,2025-02,2250.81,262.56,Pendiente,VEND-15
FAC-20250478,CLI-1006,Insular,2025-01-12,2025-01,13936.08,2509.86,Pendiente,VEND-17
FAC-20250479,CLI-1042,Sierra,2025-05-08,2025-05,562.9,97.97,Pendiente,VEND-17
FAC-20250480,CLI-1032,Sierra,2025-05-29,2025-05,3017.93,294.56,Vencido,VEND-16
FAC-20250481,CLI-1026,Sierra,2025-03-12,2025-03,6269.11,815.04,Pendiente,VEND-12
FAC-20250482,CLI-1026,Oriente,2025-05-21,2025-05,12980.26,3102.76,Pendiente,VEND-13
FAC-20250483,CLI-1013,Oriente,2025-06-25,2025-06,5506.76,1359.22,Pendiente,VEND-15
FAC-20250484,CLI-1045,Costa,2025-04-01,2025-04,8653.06,2078.94,Pendiente,VEND-14
FAC-20250485,CLI-1027,Costa,2025-05-14,2025-05,2043.82,181.94,Pagado,VEND-13
FAC-20250486,CLI-1017,Sierra,2025-03-15,2025-03,10409.16,942.5,Vencido,VEND-13
FAC-20250487,CLI-1048,Costa,2025-04-02,2025-04,12303.38,2799.83,Pendiente,VEND-16
FAC-20250488,CLI-1015,Oriente,2025-06-20,2025-06,1181.21,178.15,Vencido,VEND-10
FAC-20250489,CLI-1000,Oriente,2025-02-21,2025-02,9498.14,2164.82,Pendiente,VEND-15
FAC-20250490,CLI-1048,Sierra,2025-02-19,2025-02,4765.58,934.3,Pendiente,VEND-12
FAC-20250491,CLI-1047,Costa,2025-04-07,2025-04,1089.2,136.06,Pendiente,VEND-14
FAC-20250492,CLI-1000,Oriente,2025-04-30,2025-04,10790.49,1145.19,Vencido,VEND-10
FAC-20250493,CLI-1049,Oriente,2025-05-06,2025-05,11953.67,1104.4,Vencido,VEND-13
FAC-20250494,CLI-1011,Costa,2025-05-10,2025-05,2810.87,417.64,Vencido,VEND-13
FAC-20250495,CLI-1013,Oriente,2025-03-26,2025-03,5731.57,1191.89,Pendiente,VEND-10
FAC-20250496,CLI-1007,Oriente,2025-04-25,2025-04,3985.04,941.12,Pendiente,VEND-10
FAC-20250497,CLI-1043,Oriente,2025-04-08,2025-04,13781.02,2006.5,Vencido,VEND-10
FAC-20250498,CLI-1033,Oriente,2025-05-12,2025-05,12140.84,1061.77,Pendiente,VEND-15
FAC-20250499,CLI-1032,Costa,2025-01-25,2025-01,2927.22,501.89,Pagado,VEND-11
FAC-20250500,CLI-1013,Sierra,2025-06-25,2025-06,6651.04,1140.11,Pendiente,VEND-11
FAC-20250501,CLI-1047,Sierra,2025-01-07,2025-01,7158.77,679.21,Pagado,VEND-12
FAC-20250502,CLI-1016,Costa,2025-05-28,2025-05,12413.48,1853.3,Pendiente,VEND-16
FAC-20250503,CLI-1027,Oriente,2025-01-05,2025-01,6147.78,497.99,Pagado,VEND-10
FAC-20250504,CLI-1044,Costa,2025-04-02,2025-04,13956.69,2983.54,Vencido,VEND-11
FAC-20250505,CLI-1018,Insular,2025-04-08,2025-04,6229.14,1000.26,Pendiente,VEND-12
FAC-20250506,CLI-1047,Insular,2025-05-20,2025-05,4777.19,624.23,Vencido,VEND-10
FAC-20250507,CLI-1035,Sierra,2025-02-01,2025-02,1105.71,162.53,Pagado,VEND-14
FAC-20250508,CLI-1013,Oriente,2025-02-24,2025-02,6483.49,1083.61,Pendiente,VEND-12
FAC-20250509,CLI-1014,Oriente,2025-02-19,2025-02,2162.03,381.47,Pagado,VEND-17
FAC-20250510,CLI-1041,Costa,2025-03-16,2025-03,10239.44,1162.8,Pendiente,VEND-15
FAC-20250511,CLI-1022,Sierra,2025-06-21,2025-06,10004.36,1853.98,Pendiente,VEND-15
FAC-20250512,CLI-1031,Insular,2025-03-26,2025-03,9436.97,1692.13,Vencido,VEND-15
FAC-20250513,CLI-1027,Sierra,2025-01-02,2025-01,5041.61,1013.74,Pendiente,VEND-14
FAC-20250514,CLI-1023,Sierra,2025-06-23,2025-06,11128.11,1765.86,Vencido,VEND-14
FAC-20250515,CLI-1031,Costa,2025-02-14,2025-02,9860.5,1259.23,Pendiente,VEND-13
FAC-20250516,CLI-1016,Costa,2025-01-20,2025-01,13435.53,2517.5,Pendiente,VEND-13
FAC-20250517,CLI-1002,Oriente,2025-05-20,2025-05,13462.8,2573.61,Pendiente,VEND-15
FAC-20250518,CLI-1025,Sierra,2025-05-31,2025-05,11131.79,1769.95,Pagado,VEND-16
FAC-20250519,CLI-1023,Costa,2025-06-19,2025-06,3963.77,978.71,Pendiente,VEND-12
FAC-20250520,CLI-1028,Sierra,2025-02-15,2025-02,8712.18,1988.76,Pendiente,VEND-17
FAC-20250521,CLI-1022,Costa,2025-02-26,2025-02,11541.35,1441.98,Pendiente,VEND-10
FAC-20250522,CLI-1042,Sierra,2025-05-13,2025-05,13662.03,2183.8,Pendiente,VEND-10
FAC-20250523,CLI-1002,Oriente,2025-01-27,2025-01,10704.18,2366.05,Vencido,VEND-12
FAC-20250524,CLI-1024,Insular,2025-04-04,2025-04,9021.34,841.08,Vencido,VEND-16
FAC-20250525,CLI-1014,Insular,2025-04-01,2025-04,12349.93,2652.17,Pagado,VEND-12
FAC-20250526,CLI-1028,Sierra,2025-02-28,2025-02,1617.78,187.59,Pendiente,VEND-12
FAC-20250527,CLI-1023,Costa,2025-06-19,2025-06,3840.02,777.39,Pendiente,VEND-17
FAC-20250528,CLI-1030,Sierra,2025-06-01,2025-06,2838.07,237.88,Pagado,VEND-12
FAC-20250529,CLI-1036,Sierra,2025-02-04,2025-02,-1230.08,110.1,Vencido,VEND-12
FAC-20250530,CLI-1033,Insular,2025-06-03,2025-06,14554.03,3337.92,Vencido,VEND-11
FAC-20250531,CLI-1013,Insular,2025-06-05,2025-06,14895.25,1623.53,Pendiente,VEND-12
FAC-20250532,CLI-1037,Sierra,2025-06-09,2025-06,10064.91,2044.3,Vencido,VEND-17
FAC-20250533,CLI-1038,Costa,2025-02-28,2025-02,5984.06,495.57,Pendiente,VEND-12
FAC-20250534,CLI-1038,Costa,2025-02-15,2025-02,7400.1,641.12,Pagado,VEND-11
FAC-20250535,CLI-1030,Sierra,2025-06-04,2025-06,-1887.92,368.81,Pendiente,VEND-16
FAC-20250536,CLI-1023,Costa,2025-05-16,2025-05,6719.87,1088.36,Pendiente,VEND-15
FAC-20250537,CLI-1037,Costa,2025-04-19,2025-04,2441.31,291.8,Pagado,VEND-14
FAC-20250538,CLI-1038,Insular,2025-03-07,2025-03,3240.8,694.19,Pagado,VEND-10
FAC-20250539,CLI-1024,Sierra,2025-03-22,2025-03,6428.25,979.87,Vencido,VEND-14
FAC-20250540,CLI-1034,Insular,2025-05-25,2025-05,5801.84,1135.44,Pendiente,VEND-16
FAC-20250541,CLI-1035,Insular,2025-02-15,2025-02,5868.09,722.61,Vencido,VEND-15
FAC-20250542,CLI-1049,Insular,2025-02-05,2025-02,12897.48,2671.43,Pendiente,VEND-12
FAC-20250543,CLI-1006,Sierra,2025-05-11,2025-05,6308.13,1095.08,Pagado,VEND-12
FAC-20250544,CLI-1024,Costa,2025-01-24,2025-01,12437.2,2264.09,Pagado,VEND-11
FAC-20250545,CLI-1016,Sierra,2025-04-05,2025-04,-891.79,220.59,Vencido,VEND-10
FAC-20250546,CLI-1049,Sierra,2025-06-13,2025-06,-1731.02,412.38,Vencido,VEND-13
FAC-20250547,CLI-1002,Sierra,2025-06-07,2025-06,-630.66,50.48,Pendiente,VEND-11
FAC-20250548,CLI-1017,Insular,2025-04-01,2025-04,10210.1,1164.49,Pagado,VEND-11
FAC-20250549,CLI-1005,Oriente,2025-05-24,2025-05,13767.63,3355.98,Vencido,VEND-13
FAC-20250550,CLI-1038,Sierra,2025-04-27,2025-04,13980.85,1739.05,Pendiente,VEND-11
FAC-20250551,CLI-1035,Costa,2025-05-09,2025-05,4766.65,1031.98,Vencido,VEND-14
FAC-20250552,CLI-1044,Insular,2025-04-07,2025-04,8665.94,1809.19,Pendiente,VEND-17
FAC-20250553,CLI-1037,Costa,2025-05-04,2025-05,2185.89,410.34,Pendiente,VEND-13
FAC-20250554,CLI-1020,Insular,2025-04-01,2025-04,-1697.92,207.49,Pagado,VEND-16
FAC-20250555,CLI-1043,Oriente,2025-01-20,2025-01,8541.0,1139.01,Pendiente,VEND-14
FAC-20250556,CLI-1011,Sierra,2025-05-08,2025-05,11188.13,1355.44,Vencido,VEND-13
FAC-20250557,CLI-1014,Sierra,2025-03-05,2025-03,12626.85,2682.19,Pagado,VEND-11
FAC-20250558,CLI-1043,Insular,2025-06-07,2025-06,596.04,144.75,Pendiente,VEND-15
FAC-20250559,CLI-1039,Oriente,2025-05-07,2025-05,13522.76,2402.57,Vencido,VEND-17
FAC-20250560,CLI-1011,Oriente,2025-04-12,2025-04,3720.35,331.87,Pendiente,VEND-17
FAC-20250561,CLI-1034,Costa,2025-05-09,2025-05,5535.69,1173.03,Pendiente,VEND-11
FAC-20250562,CLI-1044,Insular,2025-03-22,2025-03,-579.35,103.57,Vencido,VEND-15
FAC-20250563,CLI-1039,Oriente,2025-02-17,2025-02,8454.17,1353.76,Vencido,VEND-15
FAC-20250564,CLI-1011,Insular,2025-04-19,2025-04,3552.72,509.08,Pendiente,VEND-14
FAC-20250565,CLI-1028,Sierra,2025-05-27,2025-05,2401.52,285.44,Pagado,VEND-14
FAC-20250566,CLI-1015,Insular,2025-04-08,2025-04,3342.92,687.14,Pendiente,VEND-10
FAC-20250567,CLI-1011,Insular,2025-05-08,2025-05,2449.84,458.64,Vencido,VEND-17
FAC-20250568,CLI-1019,Oriente,2025-05-24,2025-05,-378.15,40.75,Pendiente,VEND-14
FAC-20250569,CLI-1030,Costa,2025-04-26,2025-04,11296.6,1595.67,Vencido,VEND-15
FAC-20250570,CLI-1001,Insular,2025-02-01,2025-02,5590.81,1022.83,Pendiente,VEND-14
FAC-20250571,CLI-1022,Oriente,2025-06-22,2025-06,7901.45,1232.45,Pagado,VEND-16
FAC-20250572,CLI-1039,Oriente,2025-04-29,2025-04,9659.83,1047.97,Vencido,VEND-16
FAC-20250573,CLI-1040,Insular,2025-01-19,2025-01,1647.12,219.55,Vencido,VEND-14
FAC-20250574,CLI-1038,Insular,2025-03-11,2025-03,13371.53,3203.7,Pendiente,VEND-16
FAC-20250575,CLI-1010,Sierra,2025-01-06,2025-01,2313.08,284.0,Pagado,VEND-13
FAC-20250576,CLI-1010,Insular,2025-01-27,2025-01,1885.53,302.52,Pagado,VEND-10
FAC-20250577,CLI-1049,Insular,2025-05-15,2025-05,11592.45,1444.62,Pendiente,VEND-11
FAC-20250578,CLI-1041,Insular,2025-03-21,2025-03,3825.66,594.27,Pendiente,VEND-12
FAC-20250579,CLI-1033,Sierra,2025-01-08,2025-01,1009.75,237.89,Pendiente,VEND-17
FAC-20250580,CLI-1034,Oriente,2025-05-21,2025-05,6950.25,1380.29,Pendiente,VEND-17
FAC-20250581,CLI-1040,Insular,2025-05-15,2025-05,9776.9,2292.85,Pendiente,VEND-13
FAC-20250582,CLI-1005,Insular,2025-03-20,2025-03,5803.86,763.83,Pagado,VEND-12
FAC-20250583,CLI-1022,Oriente,2025-05-01,2025-05,8258.93,1351.4,Pendiente,VEND-14
FAC-20250584,CLI-1000,Insular,2025-03-16,2025-03,9156.55,1585.88,Pendiente,VEND-16
FAC-20250585,CLI-1035,Insular,2025-04-12,2025-04,4123.49,782.71,Pendiente,VEND-13
FAC-20250586,CLI-1016,Costa,2025-04-19,2025-04,9567.18,2066.44,Vencido,VEND-14
FAC-20250587,CLI-1041,Oriente,2025-04-16,2025-04,3226.01,333.01,Pagado,VEND-17
FAC-20250588,CLI-1039,Insular,2025-03-11,2025-03,10656.85,1433.45,Pendiente,VEND-10
FAC-20250589,CLI-1034,Costa,2025-02-17,2025-02,14598.82,1478.23,Pendiente,VEND-10
FAC-20250590,CLI-1014,Costa,2025-02-08,2025-02,713.51,108.05,Pendiente,VEND-15
FAC-20250591,CLI-1029,Costa,2025-03-26,2025-03,1663.23,174.36,Vencido,VEND-16
FAC-20250592,CLI-1004,Insular,2025-02-16,2025-02,3286.79,719.59,Pagado,VEND-11
FAC-20250593,CLI-1049,Sierra,2025-04-09,2025-04,11682.77,2399.59,Pagado,VEND-13
FAC-20250594,CLI-1029,Costa,2025-05-14,2025-05,10157.11,1484.47,Vencido,VEND-15
FAC-20250595,CLI-1010,Costa,2025-05-21,2025-05,8053.43,1518.46,Pendiente,VEND-15
FAC-20250596,CLI-1003,Sierra,2025-01-29,2025-01,3921.5,323.76,Vencido,VEND-11
FAC-20250597,CLI-1025,Sierra,2025-01-03,2025-01,14548.11,2872.2,Pendiente,VEND-15
FAC-20250598,CLI-1049,Costa,2025-03-05,2025-03,2786.63,516.0,Pagado,VEND-10
FAC-20250599,CLI-1022,Sierra,2025-05-18,2025-05,11976.26,1431.82,Vencido,VEND-17
FAC-20250600,CLI-1046,Sierra,2025-01-06,2025-01,10494.12,1079.89,Pagado,VEND-17
FAC-20250601,CLI-1045,Insular,2025-05-24,2025-05,4773.36,535.87,Pendiente,VEND-15
FAC-20250602,CLI-1020,Insular,2025-03-12,2025-03,13081.1,2960.19,Pendiente,VEND-11
FAC-20250603,CLI-1033,Sierra,2025-04-26,2025-04,4787.25,681.75,Pagado,VEND-16
FAC-20250604,CLI-1046,Sierra,2025-01-05,2025-01,9486.15,1759.05,Vencido,VEND-11
FAC-20250605,CLI-1042,Insular,2025-02-18,2025-02,8099.01,1407.2,Vencido,VEND-15
FAC-20250606,CLI-1026,Oriente,2025-01-29,2025-01,1895.72,165.77,Pendiente,VEND-12
FAC-20250607,CLI-1002,Sierra,2025-01-28,2025-01,7537.87,1334.75,Pendiente,VEND-17
FAC-20250608,CLI-1033,Oriente,2025-01-13,2025-01,5812.13,535.0,Pendiente,VEND-17
FAC-20250609,CLI-1005,Insular,2025-06-13,2025-06,1380.15,330.55,Pendiente,VEND-15
FAC-20250610,CLI-1045,Costa,2025-06-07,2025-06,-326.7,43.01,Pendiente,VEND-11
FAC-20250611,CLI-1006,Sierra,2025-05-17,2025-05,6087.3,1166.75,Pendiente,VEND-16
FAC-20250612,CLI-1047,Costa,2025-06-13,2025-06,8860.17,1767.02,Pendiente,VEND-11
FAC-20250613,CLI-1010,Sierra,2025-05-21,2025-05,6322.58,675.82,Pendiente,VEND-15
FAC-20250614,CLI-1020,Oriente,2025-04-06,2025-04,6478.98,1428.27,Vencido,VEND-13
FAC-20250615,CLI-1036,Sierra,2025-04-07,2025-04,11602.77,1429.41,Pendiente,VEND-17
FAC-20250616,CLI-1025,Costa,2025-01-09,2025-01,14752.87,2478.39,Vencido,VEND-10
FAC-20250617,CLI-1019,Sierra,2025-02-24,2025-02,-1679.49,331.28,Vencido,VEND-12
FAC-20250618,CLI-1006,Costa,2025-04-28,2025-04,5657.01,805.58,Pendiente,VEND-13
FAC-20250619,CLI-1016,Oriente,2025-01-24,2025-01,8772.06,1026.02,Pagado,VEND-15
FAC-20250620,CLI-1030,Sierra,2025-05-05,2025-05,12472.73,2219.64,Pagado,VEND-14
FAC-20250621,CLI-1002,Insular,2025-01-21,2025-01,11811.77,1616.4,Pendiente,VEND-16
FAC-20250622,CLI-1007,Sierra,2025-06-17,2025-06,12817.43,2406.61,Pendiente,VEND-10
FAC-20250623,CLI-1019,Costa,2025-03-23,2025-03,8328.98,1377.68,Pendiente,VEND-12
FAC-20250624,CLI-1003,Insular,2025-04-25,2025-04,11416.18,1088.12,Pendiente,VEND-14
FAC-20250625,CLI-1025,Sierra,2025-02-03,2025-02,5374.44,1110.92,Pendiente,VEND-14
FAC-20250626,CLI-1005,Insular,2025-05-09,2025-05,6800.12,1424.94,Pendiente,VEND-13
FAC-20250627,CLI-1031,Insular,2025-06-16,2025-06,8784.29,2191.71,Pendiente,VEND-13
FAC-20250628,CLI-1004,Oriente,2025-04-21,2025-04,5189.47,494.2,Pendiente,VEND-16
FAC-20250629,CLI-1023,Oriente,2025-02-18,2025-02,5150.71,433.25,Vencido,VEND-12
FAC-20250630,CLI-1022,Insular,2025-06-09,2025-06,-1672.71,190.6,Vencido,VEND-12
FAC-20250631,CLI-1048,Costa,2025-01-29,2025-01,11223.93,2082.83,Pendiente,VEND-14
FAC-20250632,CLI-1000,Oriente,2025-01-29,2025-01,4924.21,671.76,Pendiente,VEND-13
FAC-20250633,CLI-1034,Oriente,2025-05-21,2025-05,7503.88,780.62,Pagado,VEND-16
FAC-20250634,CLI-1037,Costa,2025-03-07,2025-03,2969.63,635.98,Vencido,VEND-10
FAC-20250635,CLI-1029,Costa,2025-01-18,2025-01,6135.35,1379.56,Vencido,VEND-11
FAC-20250636,CLI-1001,Oriente,2025-06-16,2025-06,6104.59,1016.12,Pagado,VEND-15
FAC-20250637,CLI-1031,Costa,2025-02-17,2025-02,3383.69,593.22,Pagado,VEND-10
FAC-20250638,CLI-1015,Oriente,2025-03-27,2025-03,7604.03,632.07,Vencido,VEND-15
FAC-20250639,CLI-1040,Oriente,2025-03-02,2025-03,14941.92,1896.12,Pagado,VEND-14
FAC-20250640,CLI-1024,Costa,2025-05-23,2025-05,14262.19,1969.66,Pendiente,VEND-12
FAC-20250641,CLI-1005,Insular,2025-05-14,2025-05,14428.78,2688.65,Pendiente,VEND-16
FAC-20250642,CLI-1015,Sierra,2025-04-20,2025-04,14572.79,1981.58,Pendiente,VEND-13
FAC-20250643,CLI-1041,Sierra,2025-05-29,2025-05,8349.63,1892.36,Vencido,VEND-12
FAC-20250644,CLI-1027,Sierra,2025-06-17,2025-06,14028.93,1879.52,Pagado,VEND-12
FAC-20250645,CLI-1020,Sierra,2025-01-08,2025-01,11598.81,1744.31,Pendiente,VEND-14
FAC-20250646,CLI-1028,Oriente,2025-02-08,2025-02,11797.06,1314.27,Vencido,VEND-13
FAC-20250647,CLI-1038,Sierra,2025-03-01,2025-03,10466.98,2061.83,Pendiente,VEND-12
FAC-20250648,CLI-1032,Insular,2025-06-16,2025-06,5922.41,968.58,Pendiente,VEND-12
FAC-20250649,CLI-1012,Sierra,2025-01-09,2025-01,6424.54,1524.7,Pendiente,VEND-13
FAC-20250650,CLI-1047,Sierra,2025-02-22,2025-02,1458.98,361.18,Pendiente,VEND-15
FAC-20250651,CLI-1029,Sierra,2025-04-20,2025-04,-1523.6,220.41,Vencido,VEND-16
FAC-20250652,CLI-1039,Costa,2025-05-14,2025-05,2085.09,477.95,Pendiente,VEND-16
FAC-20250653,CLI-1047,Costa,2025-05-23,2025-05,6117.27,1490.42,Pendiente,VEND-14
FAC-20250654,CLI-1028,Insular,2025-03-19,2025-03,11718.32,1269.13,Vencido,VEND-10
FAC-20250655,CLI-1044,Sierra,2025-04-29,2025-04,12533.46,2542.41,Pagado,VEND-12
FAC-20250656,CLI-1049,Sierra,2025-04-11,2025-04,6496.61,717.29,Pendiente,VEND-17
FAC-20250657,CLI-1005,Oriente,2025-03-24,2025-03,10529.9,2268.17,Pagado,VEND-11
FAC-20250658,CLI-1007,Insular,2025-06-12,2025-06,5762.68,837.29,Pendiente,VEND-16
FAC-20250659,CLI-1035,Insular,2025-01-12,2025-01,11639.77,2050.15,Pendiente,VEND-12
FAC-20250660,CLI-1009,Sierra,2025-01-14,2025-01,6583.93,1387.02,Pendiente,VEND-14
FAC-20250661,CLI-1040,Sierra,2025-01-31,2025-01,13528.86,1090.43,Vencido,VEND-10
FAC-20250662,CLI-1029,Insular,2025-05-08,2025-05,-1788.87,215.45,Pendiente,VEND-17
FAC-20250663,CLI-1026,Insular,2025-01-21,2025-01,-1787.9,227.56,Pendiente,VEND-10
FAC-20250664,CLI-1011,Sierra,2025-01-15,2025-01,-1736.89,335.9,Vencido,VEND-15
FAC-20250665,CLI-1005,Costa,2025-01-28,2025-01,6545.88,1271.57,Pendiente,VEND-17
FAC-20250666,CLI-1047,Oriente,2025-01-10,2025-01,1850.33,263.96,Pendiente,VEND-11
FAC-20250667,CLI-1048,Insular,2025-05-21,2025-05,1441.43,145.22,Vencido,VEND-15
FAC-20250668,CLI-1033,Insular,2025-05-15,2025-05,3542.76,318.46,Pagado,VEND-17
FAC-20250669,CLI-1046,Oriente,2025-04-20,2025-04,9328.25,1579.43,Vencido,VEND-12
FAC-20250670,CLI-1039,Insular,2025-05-14,2025-05,11073.18,2406.83,Pendiente,VEND-14
FAC-20250671,CLI-1012,Costa,2025-01-31,2025-01,847.81,84.82,Pendiente,VEND-16
FAC-20250672,CLI-1026,Costa,2025-03-27,2025-03,5569.93,646.65,Pendiente,VEND-14
FAC-20250673,CLI-1016,Costa,2025-03-20,2025-03,4854.12,1021.29,Pagado,VEND-15
FAC-20250674,CLI-1021,Insular,2025-05-26,2025-05,-516.13,70.29,Vencido,VEND-17
FAC-20250675,CLI-1030,Costa,2025-06-15,2025-06,2468.43,390.76,Vencido,VEND-17
FAC-20250676,CLI-1026,Costa,2025-05-14,2025-05,4840.48,646.86,Pagado,VEND-13
FAC-20250677,CLI-1036,Oriente,2025-04-01,2025-04,1460.09,325.49,Vencido,VEND-16
FAC-20250678,CLI-1040,Sierra,2025-05-27,2025-05,9282.49,926.98,Vencido,VEND-15
FAC-20250679,CLI-1045,Costa,2025-03-11,2025-03,6501.11,782.73,Pendiente,VEND-14
FAC-20250680,CLI-1013,Oriente,2025-02-14,2025-02,2127.35,451.48,Pagado,VEND-17
FAC-20250681,CLI-1032,Costa,2025-05-04,2025-05,13621.86,1877.36,Pendiente,VEND-14
FAC-20250682,CLI-1049,Oriente,2025-02-06,2025-02,11657.48,2879.24,Pendiente,VEND-13
FAC-20250683,CLI-1046,Costa,2025-04-28,2025-04,6120.03,610.12,Vencido,VEND-10
FAC-20250684,CLI-1043,Costa,2025-03-27,2025-03,-1137.04,218.34,Vencido,VEND-10
FAC-20250685,CLI-1036,Oriente,2025-06-13,2025-06,13435.97,1514.67,Vencido,VEND-15
FAC-20250686,CLI-1049,Insular,2025-06-21,2025-06,2205.94,279.09,Pagado,VEND-11
FAC-20250687,CLI-1013,Oriente,2025-05-21,2025-05,5118.03,1022.28,Vencido,VEND-13
FAC-20250688,CLI-1010,Costa,2025-03-21,2025-03,9392.31,1459.75,Pendiente,VEND-10
FAC-20250689,CLI-1030,Costa,2025-01-28,2025-01,6062.19,888.87,Pendiente,VEND-15
FAC-20250690,CLI-1019,Oriente,2025-02-20,2025-02,10837.03,1849.8,Pendiente,VEND-12
FAC-20250691,CLI-1005,Insular,2025-01-25,2025-01,7105.97,1426.43,Pendiente,VEND-17
FAC-20250692,CLI-1014,Sierra,2025-02-06,2025-02,12985.9,3054.11,Pendiente,VEND-12
FAC-20250693,CLI-1044,Oriente,2025-03-25,2025-03,-1055.6,147.51,Pendiente,VEND-12
FAC-20250694,CLI-1018,Oriente,2025-06-04,2025-06,8832.83,1315.8,Pagado,VEND-15
FAC-20250695,CLI-1035,Costa,2025-03-19,2025-03,8224.81,1236.07,Pendiente,VEND-12
FAC-20250696,CLI-1030,Insular,2025-01-17,2025-01,5440.36,981.79,Pendiente,VEND-15
FAC-20250697,CLI-1034,Sierra,2025-02-14,2025-02,10107.88,2408.17,Pendiente,VEND-11
FAC-20250698,CLI-1037,Insular,2025-03-25,2025-03,8548.77,939.93,Pendiente,VEND-11
FAC-20250699,CLI-1038,Costa,2025-06-25,2025-06,12303.97,1776.88,Pendiente,VEND-10
FAC-20250700,CLI-1005,Sierra,2025-02-05,2025-02,13365.29,2514.58,Pagado,VEND-12
FAC-20250701,CLI-1042,Sierra,2025-04-26,2025-04,8203.21,1462.21,Pendiente,VEND-13
FAC-20250702,CLI-1043,Oriente,2025-03-18,2025-03,8769.01,1155.52,Pendiente,VEND-15
FAC-20250703,CLI-1005,Costa,2025-06-06,2025-06,14803.11,1505.25,Vencido,VEND-10
FAC-20250704,CLI-1023,Costa,2025-01-01,2025-01,10698.63,1509.27,Vencido,VEND-10
FAC-20250705,CLI-1015,Insular,2025-06-01,2025-06,6216.89,901.91,Pendiente,VEND-16
FAC-20250706,CLI-1034,Sierra,2025-06-19,2025-06,3014.45,525.79,Vencido,VEND-16
FAC-20250707,CLI-1009,Oriente,2025-06-21,2025-06,-1367.1,142.83,Pendiente,VEND-16
FAC-20250708,CLI-1008,Costa,2025-02-05,2025-02,9812.52,1545.72,Pendiente,VEND-12
FAC-20250709,CLI-1029,Insular,2025-05-22,2025-05,12391.04,1466.8,Pendiente,VEND-10
FAC-20250710,CLI-1036,Insular,2025-03-02,2025-03,10825.88,2571.32,Vencido,VEND-10
FAC-20250711,CLI-1002,Insular,2025-04-05,2025-04,2140.88,422.58,Pendiente,VEND-14
FAC-20250712,CLI-1029,Costa,2025-05-14,2025-05,13403.77,2148.85,Pagado,VEND-14
FAC-20250713,CLI-1039,Costa,2025-03-29,2025-03,-1017.26,238.07,Vencido,VEND-16
FAC-20250714,CLI-1022,Oriente,2025-03-16,2025-03,2928.87,531.88,Vencido,VEND-14
FAC-20250715,CLI-1003,Insular,2025-05-29,2025-05,2951.65,733.08,Pagado,VEND-14
FAC-20250716,CLI-1031,Costa,2025-02-02,2025-02,7831.14,996.39,Pendiente,VEND-14
FAC-20250717,CLI-1017,Oriente,2025-01-04,2025-01,11250.72,2640.8,Pendiente,VEND-17
FAC-20250718,CLI-1023,Sierra,2025-03-08,2025-03,11846.65,1311.87,Pagado,VEND-15
FAC-20250719,CLI-1005,Sierra,2025-06-02,2025-06,14042.16,2307.28,Pendiente,VEND-16
FAC-20250720,CLI-1015,Insular,2025-06-13,2025-06,2925.61,652.74,Pagado,VEND-14
FAC-20250721,CLI-1048,Costa,2025-01-14,2025-01,2930.21,384.54,Pendiente,VEND-16
FAC-20250722,CLI-1043,Insular,2025-05-02,2025-05,4308.06,663.03,Vencido,VEND-17
FAC-20250723,CLI-1024,Oriente,2025-05-16,2025-05,-1851.88,348.82,Pendiente,VEND-14
FAC-20250724,CLI-1021,Oriente,2025-03-10,2025-03,12133.59,2175.67,Pendiente,VEND-13
FAC-20250725,CLI-1046,Sierra,2025-05-14,2025-05,5392.4,596.32,Pagado,VEND-10
FAC-20250726,CLI-1004,Costa,2025-04-16,2025-04,1916.63,298.63,Pendiente,VEND-14
FAC-20250727,CLI-1016,Sierra,2025-01-09,2025-01,843.66,202.1,Pendiente,VEND-11
FAC-20250728,CLI-1045,Costa,2025-01-23,2025-01,12918.39,2475.0,Pendiente,VEND-11
FAC-20250729,CLI-1044,Sierra,2025-03-06,2025-03,4771.24,443.11,Pendiente,VEND-14
FAC-20250730,CLI-1049,Insular,2025-06-20,2025-06,11663.27,1254.2,Pagado,VEND-14
FAC-20250731,CLI-1049,Costa,2025-04-08,2025-04,6134.56,760.08,Vencido,VEND-12
FAC-20250732,CLI-1028,Costa,2025-05-06,2025-05,14701.62,2157.43,Pendiente,VEND-11
FAC-20250733,CLI-1009,Insular,2025-02-25,2025-02,9402.51,1458.04,Vencido,VEND-11
FAC-20250734,CLI-1002,Costa,2025-01-19,2025-01,8784.5,1368.62,Pendiente,VEND-12
FAC-20250735,CLI-1041,Costa,2025-01-10,2025-01,10136.78,2017.31,Pendiente,VEND-10
FAC-20250736,CLI-1032,Insular,2025-05-03,2025-05,6822.84,1451.62,Pagado,VEND-13
FAC-20250737,CLI-1000,Insular,2025-05-04,2025-05,2257.45,561.14,Vencido,VEND-14
FAC-20250738,CLI-1025,Costa,2025-06-11,2025-06,14956.73,2125.51,Vencido,VEND-11
FAC-20250739,CLI-1029,Oriente,2025-06-15,2025-06,3445.25,842.29,Pendiente,VEND-14
FAC-20250740,CLI-1044,Insular,2025-01-28,2025-01,9643.95,910.65,Pendiente,VEND-13
FAC-20250741,CLI-1008,Costa,2025-02-19,2025-02,867.79,104.61,Pendiente,VEND-11
FAC-20250742,CLI-1034,Oriente,2025-05-08,2025-05,8242.13,1288.92,Pagado,VEND-10
FAC-20250743,CLI-1021,Costa,2025-03-28,2025-03,-412.74,89.65,Pendiente,VEND-12
FAC-20250744,CLI-1047,Sierra,2025-01-19,2025-01,1034.73,197.79,Pendiente,VEND-10
FAC-20250745,CLI-1015,Sierra,2025-01-04,2025-01,-753.21,161.89,Pendiente,VEND-12
FAC-20250746,CLI-1037,Costa,2025-01-28,2025-01,2155.61,398.05,Pagado,VEND-13
FAC-20250747,CLI-1027,Oriente,2025-06-23,2025-06,6329.12,1242.37,Pendiente,VEND-15
FAC-20250748,CLI-1013,Costa,2025-06-01,2025-06,3014.99,381.58,Pendiente,VEND-12
FAC-20250749,CLI-1044,Oriente,2025-05-22,2025-05,2892.59,517.59,Pendiente,VEND-11
FAC-20250750,CLI-1040,Insular,2025-02-10,2025-02,726.64,58.92,Pendiente,VEND-11
FAC-20250751,CLI-1045,Oriente,2025-04-17,2025-04,10555.8,1698.66,Pendiente,VEND-13
FAC-20250752,CLI-1009,Oriente,2025-05-14,2025-05,7031.08,771.12,Pagado,VEND-12
FAC-20250753,CLI-1045,Insular,2025-06-06,2025-06,14279.32,3042.05,Vencido,VEND-16
FAC-20250754,CLI-1000,Sierra,2025-02-19,2025-02,2203.86,212.16,Vencido,VEND-13
FAC-20250755,CLI-1029,Sierra,2025-03-12,2025-03,1269.5,133.76,Pendiente,VEND-17
FAC-20250756,CLI-1011,Sierra,2025-06-21,2025-06,13878.76,1969.57,Pendiente,VEND-16
FAC-20250757,CLI-1016,Oriente,2025-06-07,2025-06,12174.73,1063.63,Pagado,VEND-12
FAC-20250758,CLI-1010,Costa,2025-05-05,2025-05,7966.1,955.94,Pendiente,VEND-15
FAC-20250759,CLI-1026,Sierra,2025-06-23,2025-06,13526.4,1335.36,Pendiente,VEND-11
FAC-20250760,CLI-1015,Insular,2025-02-21,2025-02,5945.22,951.64,Pendiente,VEND-10
FAC-20250761,CLI-1027,Sierra,2025-02-25,2025-02,13954.36,2035.19,Pendiente,VEND-17
FAC-20250762,CLI-1046,Sierra,2025-06-11,2025-06,5699.56,781.42,Pagado,VEND-10
FAC-20250763,CLI-1017,Sierra,2025-01-29,2025-01,12848.94,1401.87,Vencido,VEND-13
FAC-20250764,CLI-1018,Sierra,2025-06-13,2025-06,14315.02,2552.09,Pendiente,VEND-11
FAC-20250765,CLI-1026,Insular,2025-02-25,2025-02,9077.92,1157.06,Pendiente,VEND-13
FAC-20250766,CLI-1015,Oriente,2025-04-22,2025-04,8902.27,1607.76,Pendiente,VEND-10
FAC-20250767,CLI-1026,Costa,2025-01-11,2025-01,14873.47,2464.78,Pendiente,VEND-16
FAC-20250768,CLI-1030,Costa,2025-04-26,2025-04,7681.63,1597.96,Pendiente,VEND-13
FAC-20250769,CLI-1008,Oriente,2025-03-17,2025-03,3966.4,328.05,Vencido,VEND-12
FAC-20250770,CLI-1045,Insular,2025-05-27,2025-05,-1018.71,215.16,Pendiente,VEND-12
FAC-20250771,CLI-1023,Insular,2025-06-12,2025-06,519.77,75.59,Vencido,VEND-10
FAC-20250772,CLI-1018,Insular,2025-03-11,2025-03,10621.8,1888.44,Pendiente,VEND-11
FAC-20250773,CLI-1039,Oriente,2025-01-15,2025-01,7963.68,1129.87,Pagado,VEND-11
FAC-20250774,CLI-1024,Oriente,2025-04-30,2025-04,9477.44,1040.58,Pagado,VEND-13
FAC-20250775,CLI-1008,Oriente,2025-03-03,2025-03,8324.69,1709.51,Pendiente,VEND-13
FAC-20250776,CLI-1020,Oriente,2025-03-10,2025-03,7801.71,696.37,Vencido,VEND-15
FAC-20250777,CLI-1028,Insular,2025-05-09,2025-05,8136.9,1632.83,Vencido,VEND-17
FAC-20250778,CLI-1039,Oriente,2025-06-22,2025-06,14207.8,3409.15,Pagado,VEND-13
FAC-20250779,CLI-1029,Costa,2025-01-21,2025-01,6164.9,1497.48,Pagado,VEND-11
FAC-20250780,CLI-1010,Oriente,2025-01-29,2025-01,10607.69,2426.5,Pagado,VEND-14
FAC-20250781,CLI-1026,Sierra,2025-05-02,2025-05,5527.15,1047.93,Vencido,VEND-13
FAC-20250782,CLI-1004,Costa,2025-03-01,2025-03,12606.74,1728.37,Vencido,VEND-15
FAC-20250783,CLI-1031,Insular,2025-04-28,2025-04,4909.19,1051.5,Pendiente,VEND-14
FAC-20250784,CLI-1014,Insular,2025-04-06,2025-04,14575.5,1283.29,Vencido,VEND-14
FAC-20250785,CLI-1029,Sierra,2025-06-08,2025-06,13899.91,1786.03,Pendiente,VEND-12
FAC-20250786,CLI-1010,Sierra,2025-01-30,2025-01,1096.7,111.32,Vencido,VEND-15
FAC-20250787,CLI-1011,Sierra,2025-05-24,2025-05,10753.45,2648.19,Pendiente,VEND-15
FAC-20250788,CLI-1028,Sierra,2025-05-17,2025-05,4872.62,724.93,Pendiente,VEND-12
FAC-20250789,CLI-1029,Oriente,2025-02-09,2025-02,562.27,138.24,Vencido,VEND-14
FAC-20250790,CLI-1030,Oriente,2025-05-27,2025-05,10169.87,2073.15,Pendiente,VEND-15
FAC-20250791,CLI-1044,Costa,2025-05-03,2025-05,13552.53,2353.58,Vencido,VEND-10
FAC-20250792,CLI-1025,Sierra,2025-04-25,2025-04,5682.21,1042.04,Pendiente,VEND-13
FAC-20250793,CLI-1049,Oriente,2025-02-20,2025-02,826.96,128.78,Pagado,VEND-16
FAC-20250794,CLI-1012,Insular,2025-03-23,2025-03,9245.99,827.78,Vencido,VEND-16
FAC-20250795,CLI-1009,Insular,2025-04-05,2025-04,-820.86,108.66,Pendiente,VEND-11
FAC-20250796,CLI-1013,Insular,2025-04-17,2025-04,12153.44,2636.86,Pendiente,VEND-16
FAC-20250797,CLI-1008,Costa,2025-02-06,2025-02,3512.86,799.1,Vencido,VEND-11
FAC-20250798,CLI-1037,Insular,2025-01-23,2025-01,595.97,75.37,Pendiente,VEND-17
FAC-20250799,CLI-1045,Sierra,2025-02-21,2025-02,3197.09,556.8,Pagado,VEND-14
FAC-20250800,CLI-1037,Oriente,2025-05-07,2025-05,8609.58,728.05,Pagado,VEND-12
FAC-20250801,CLI-1016,Oriente,2025-06-13,2025-06,12596.52,2407.8,Vencido,VEND-16
FAC-20250802,CLI-1011,Insular,2025-06-15,2025-06,4048.88,514.72,Pagado,VEND-15
FAC-20250803,CLI-1037,Insular,2025-05-25,2025-05,6822.99,1341.44,Pagado,VEND-15
FAC-20250804,CLI-1032,Costa,2025-03-08,2025-03,2861.28,384.4,Pendiente,VEND-15
FAC-20250805,CLI-1010,Costa,2025-03-11,2025-03,5736.87,1390.48,Pagado,VEND-14
FAC-20250806,CLI-1018,Costa,2025-05-12,2025-05,3310.32,695.16,Pendiente,VEND-15
FAC-20250807,CLI-1020,Oriente,2025-03-11,2025-03,10438.93,1005.18,Vencido,VEND-12
FAC-20250808,CLI-1000,Sierra,2025-05-13,2025-05,4580.56,687.26,Pendiente,VEND-11
FAC-20250809,CLI-1013,Sierra,2025-05-09,2025-05,3706.15,861.68,Pagado,VEND-16
FAC-20250810,CLI-1029,Costa,2025-01-30,2025-01,12373.25,1998.5,Vencido,VEND-15
FAC-20250811,CLI-1008,Insular,2025-06-02,2025-06,8085.26,883.52,Vencido,VEND-10
FAC-20250812,CLI-1047,Costa,2025-02-26,2025-02,2366.36,466.1,Vencido,VEND-12
FAC-20250813,CLI-1013,Sierra,2025-01-21,2025-01,6659.67,659.26,Pagado,VEND-17
FAC-20250814,CLI-1048,Insular,2025-01-11,2025-01,-1387.62,250.94,Pendiente,VEND-11
FAC-20250815,CLI-1016,Costa,2025-01-17,2025-01,-373.71,37.76,Pendiente,VEND-13
FAC-20250816,CLI-1011,Oriente,2025-01-08,2025-01,1816.3,436.12,Vencido,VEND-15
FAC-20250817,CLI-1010,Sierra,2025-05-10,2025-05,8768.41,1563.26,Pagado,VEND-13
FAC-20250818,CLI-1045,Sierra,2025-03-14,2025-03,2990.72,241.46,Pagado,VEND-13
FAC-20250819,CLI-1032,Insular,2025-04-04,2025-04,10622.93,2066.15,Pagado,VEND-12
FAC-20250820,CLI-1022,Insular,2025-04-19,2025-04,3606.97,357.75,Vencido,VEND-11
FAC-20250821,CLI-1029,Costa,2025-05-14,2025-05,2470.73,493.66,Pagado,VEND-11
FAC-20250822,CLI-1020,Insular,2025-01-30,2025-01,6079.33,1247.17,Pendiente,VEND-13
FAC-20250823,CLI-1035,Insular,2025-03-16,2025-03,14781.95,3335.57,Pendiente,VEND-15
FAC-20250824,CLI-1011,Costa,2025-06-22,2025-06,7628.9,1178.44,Pagado,VEND-11
FAC-20250825,CLI-1009,Insular,2025-04-13,2025-04,10578.04,2179.54,Pendiente,VEND-11
FAC-20250826,CLI-1023,Sierra,2025-03-28,2025-03,3403.82,506.25,Pendiente,VEND-16
FAC-20250827,CLI-1046,Insular,2025-03-13,2025-03,11589.85,2096.84,Pendiente,VEND-15
FAC-20250828,CLI-1030,Insular,2025-05-05,2025-05,7915.51,1245.01,Pagado,VEND-14
FAC-20250829,CLI-1031,Insular,2025-03-01,2025-03,9611.38,931.66,Pagado,VEND-11
FAC-20250830,CLI-1031,Costa,2025-02-15,2025-02,6048.18,640.9,Pagado,VEND-11
FAC-20250831,CLI-1042,Insular,2025-04-30,2025-04,3428.01,559.94,Vencido,VEND-15
FAC-20250832,CLI-1034,Costa,2025-01-09,2025-01,14865.32,1490.29,Pendiente,VEND-15
FAC-20250833,CLI-1024,Insular,2025-04-28,2025-04,1021.73,196.27,Vencido,VEND-12
FAC-20250834,CLI-1031,Insular,2025-02-04,2025-02,5030.67,1055.85,Pendiente,VEND-17
FAC-20250835,CLI-1030,Sierra,2025-05-10,2025-05,1308.19,236.1,Pendiente,VEND-15
FAC-20250836,CLI-1049,Oriente,2025-03-24,2025-03,1390.65,141.56,Vencido,VEND-15
FAC-20250837,CLI-1047,Costa,2025-06-10,2025-06,5448.22,755.53,Vencido,VEND-16
FAC-20250838,CLI-1022,Costa,2025-06-19,2025-06,4041.32,537.73,Pagado,VEND-11
FAC-20250839,CLI-1019,Costa,2025-03-28,2025-03,2961.8,255.76,Pendiente,VEND-16
FAC-20250840,CLI-1017,Costa,2025-05-01,2025-05,9025.84,1301.67,Pendiente,VEND-15
FAC-20250841,CLI-1036,Costa,2025-05-06,2025-05,1950.82,267.49,Vencido,VEND-12
FAC-20250842,CLI-1039,Oriente,2025-04-04,2025-04,14556.7,2737.03,Pagado,VEND-13
FAC-20250843,CLI-1018,Oriente,2025-01-13,2025-01,4811.14,1042.97,Pagado,VEND-11
FAC-20250844,CLI-1037,Oriente,2025-03-11,2025-03,1475.41,237.24,Pendiente,VEND-15
FAC-20250845,CLI-1004,Oriente,2025-05-10,2025-05,12159.84,2088.95,Pendiente,VEND-16
FAC-20250846,CLI-1025,Oriente,2025-06-09,2025-06,7972.85,1379.99,Pagado,VEND-12
FAC-20250847,CLI-1036,Insular,2025-02-24,2025-02,10081.69,2414.34,Vencido,VEND-16
FAC-20250848,CLI-1036,Costa,2025-05-14,2025-05,3409.4,412.07,Vencido,VEND-16
FAC-20250849,CLI-1026,Oriente,2025-01-17,2025-01,9691.95,1215.17,Vencido,VEND-12
FAC-20250850,CLI-1016,Sierra,2025-04-14,2025-04,3958.01,335.28,Vencido,VEND-17
FAC-20250851,CLI-1031,Insular,2025-04-19,2025-04,-486.85,50.24,Vencido,VEND-14
FAC-20250852,CLI-1042,Sierra,2025-06-14,2025-06,12861.55,2091.2,Pagado,VEND-10
FAC-20250853,CLI-1005,Oriente,2025-06-04,2025-06,4820.7,1168.37,Vencido,VEND-11
FAC-20250854,CLI-1025,Sierra,2025-03-02,2025-03,2123.02,506.55,Vencido,VEND-17
FAC-20250855,CLI-1005,Sierra,2025-06-03,2025-06,2273.01,309.08,Pendiente,VEND-13
FAC-20250856,CLI-1027,Sierra,2025-02-06,2025-02,2048.8,259.53,Pendiente,VEND-14
FAC-20250857,CLI-1037,Costa,2025-05-06,2025-05,8235.31,816.97,Pendiente,VEND-17
FAC-20250858,CLI-1043,Sierra,2025-03-13,2025-03,13251.79,1877.91,Vencido,VEND-14
FAC-20250859,CLI-1001,Costa,2025-06-19,2025-06,12084.65,2851.59,Pendiente,VEND-14
FAC-20250860,CLI-1035,Insular,2025-03-21,2025-03,9764.76,2280.43,Pagado,VEND-13
FAC-20250861,CLI-1028,Insular,2025-01-03,2025-01,13691.94,3371.76,Vencido,VEND-14
FAC-20250862,CLI-1005,Sierra,2025-03-18,2025-03,3550.6,836.88,Vencido,VEND-16
FAC-20250863,CLI-1002,Oriente,2025-01-21,2025-01,12436.37,1990.88,Pendiente,VEND-15
FAC-20250864,CLI-1045,Insular,2025-01-26,2025-01,12453.81,2068.29,Vencido,VEND-16
FAC-20250865,CLI-1038,Oriente,2025-04-27,2025-04,10580.55,2000.08,Pendiente,VEND-17
FAC-20250866,CLI-1041,Sierra,2025-01-01,2025-01,6309.6,841.28,Pagado,VEND-11
FAC-20250867,CLI-1010,Sierra,2025-05-13,2025-05,10846.68,2064.78,Pendiente,VEND-16
FAC-20250868,CLI-1020,Insular,2025-05-03,2025-05,13165.83,1441.55,Vencido,VEND-14
FAC-20250869,CLI-1012,Costa,2025-04-17,2025-04,5830.19,840.39,Pendiente,VEND-10
FAC-20250870,CLI-1001,Sierra,2025-01-23,2025-01,14624.85,2913.48,Pendiente,VEND-10
FAC-20250871,CLI-1025,Insular,2025-06-03,2025-06,4272.29,609.0,Pagado,VEND-10
FAC-20250872,CLI-1045,Insular,2025-04-27,2025-04,12495.23,1476.46,Pendiente,VEND-13
FAC-20250873,CLI-1017,Oriente,2025-05-07,2025-05,6040.07,695.35,Pendiente,VEND-14
FAC-20250874,CLI-1046,Sierra,2025-04-18,2025-04,3115.36,264.47,Vencido,VEND-13
FAC-20250875,CLI-1039,Insular,2025-03-05,2025-03,5859.75,925.18,Pagado,VEND-17
FAC-20250876,CLI-1008,Oriente,2025-04-12,2025-04,10459.36,2096.44,Vencido,VEND-11
FAC-20250877,CLI-1006,Costa,2025-01-14,2025-01,5326.51,1248.53,Pagado,VEND-10
FAC-20250878,CLI-1016,Insular,2025-03-19,2025-03,14674.1,1503.81,Pagado,VEND-12
FAC-20250879,CLI-1016,Sierra,2025-05-09,2025-05,7646.18,1220.13,Pagado,VEND-15
FAC-20250880,CLI-1045,Insular,2025-02-06,2025-02,4275.89,1053.36,Pendiente,VEND-14
FAC-20250881,CLI-1047,Oriente,2025-04-21,2025-04,4602.42,847.76,Vencido,VEND-15
FAC-20250882,CLI-1027,Sierra,2025-03-22,2025-03,11184.6,2701.18,Pendiente,VEND-10
FAC-20250883,CLI-1012,Sierra,2025-01-14,2025-01,-668.4,133.69,Pendiente,VEND-11
FAC-20250884,CLI-1031,Costa,2025-04-24,2025-04,5669.54,921.21,Pendiente,VEND-11
FAC-20250885,CLI-1046,Sierra,2025-02-01,2025-02,5569.26,714.53,Pendiente,VEND-14
FAC-20250886,CLI-1036,Sierra,2025-05-30,2025-05,-1580.33,174.94,Pagado,VEND-13
FAC-20250887,CLI-1049,Insular,2025-06-23,2025-06,1867.43,239.64,Pagado,VEND-16
FAC-20250888,CLI-1023,Costa,2025-03-24,2025-03,2729.74,603.87,Pendiente,VEND-17
FAC-20250889,CLI-1040,Oriente,2025-06-02,2025-06,10041.09,878.13,Pendiente,VEND-15
FAC-20250890,CLI-1046,Sierra,2025-02-24,2025-02,13017.54,1667.58,Pagado,VEND-11
FAC-20250891,CLI-1035,Insular,2025-01-24,2025-01,6283.45,1533.53,Pendiente,VEND-11
FAC-20250892,CLI-1001,Sierra,2025-02-11,2025-02,6133.29,1165.44,Pendiente,VEND-11
FAC-20250893,CLI-1019,Insular,2025-04-21,2025-04,11170.39,2609.79,Pendiente,VEND-15
FAC-20250894,CLI-1042,Costa,2025-04-05,2025-04,7933.47,1828.83,Pendiente,VEND-14
FAC-20250895,CLI-1036,Insular,2025-01-24,2025-01,11469.11,2114.42,Pendiente,VEND-16
FAC-20250896,CLI-1005,Costa,2025-05-12,2025-05,5455.3,644.38,Pendiente,VEND-17
FAC-20250897,CLI-1033,Costa,2025-03-16,2025-03,7289.18,1576.38,Vencido,VEND-12
FAC-20250898,CLI-1008,Oriente,2025-03-05,2025-03,8084.83,712.39,Pagado,VEND-10
FAC-20250899,CLI-1032,Costa,2025-05-11,2025-05,6661.25,1281.26,Vencido,VEND-15
FAC-20250900,CLI-1016,Costa,2025-05-09,2025-05,735.9,116.78,Pendiente,VEND-16
FAC-20250901,CLI-1002,Costa,2025-04-17,2025-04,13212.95,2376.02,Pendiente,VEND-17
FAC-20250902,CLI-1039,Oriente,2025-03-29,2025-03,14517.43,1623.38,Pendiente,VEND-11
FAC-20250903,CLI-1047,Oriente,2025-06-22,2025-06,2041.79,165.37,Pagado,VEND-10
FAC-20250904,CLI-1010,Insular,2025-04-28,2025-04,10531.19,2571.58,Pendiente,VEND-14
FAC-20250905,CLI-1039,Oriente,2025-06-22,2025-06,14465.55,3135.97,Pagado,VEND-12
FAC-20250906,CLI-1008,Costa,2025-02-18,2025-02,-1946.94,440.07,Pendiente,VEND-17
FAC-20250907,CLI-1041,Sierra,2025-06-16,2025-06,4005.81,904.88,Pendiente,VEND-11
FAC-20250908,CLI-1019,Insular,2025-02-07,2025-02,-498.99,52.85,Pendiente,VEND-17
FAC-20250909,CLI-1030,Costa,2025-04-26,2025-04,8985.78,1588.71,Pendiente,VEND-10
FAC-20250910,CLI-1021,Costa,2025-01-27,2025-01,9640.94,2376.61,Pendiente,VEND-14
FAC-20250911,CLI-1002,Insular,2025-04-13,2025-04,7548.46,1388.57,Pendiente,VEND-13
FAC-20250912,CLI-1045,Costa,2025-05-16,2025-05,775.79,135.03,Vencido,VEND-16
FAC-20250913,CLI-1030,Costa,2025-05-07,2025-05,9529.1,1488.59,Pendiente,VEND-10
FAC-20250914,CLI-1010,Oriente,2025-02-19,2025-02,7303.99,1214.64,Vencido,VEND-17
FAC-20250915,CLI-1008,Oriente,2025-04-10,2025-04,14417.15,2803.1,Vencido,VEND-17
FAC-20250916,CLI-1010,Sierra,2025-03-14,2025-03,10515.11,1704.41,Pendiente,VEND-13
FAC-20250917,CLI-1010,Insular,2025-01-26,2025-01,12005.5,1968.1,Pendiente,VEND-13
FAC-20250918,CLI-1035,Costa,2025-01-05,2025-01,5702.41,1112.41,Pendiente,VEND-10
FAC-20250919,CLI-1004,Oriente,2025-04-21,2025-04,2152.55,377.85,Pendiente,VEND-14
FAC-20250920,CLI-1021,Oriente,2025-01-12,2025-01,11666.38,2710.96,Pagado,VEND-10
FAC-20250921,CLI-1028,Insular,2025-01-29,2025-01,14632.57,2687.15,Pagado,VEND-10
FAC-20250922,CLI-1032,Costa,2025-02-12,2025-02,9633.93,2262.7,Pendiente,VEND-14
FAC-20250923,CLI-1045,Insular,2025-05-10,2025-05,7726.67,820.81,Vencido,VEND-15
FAC-20250924,CLI-1008,Costa,2025-02-21,2025-02,6867.07,1447.14,Pendiente,VEND-17
FAC-20250925,CLI-1021,Oriente,2025-05-10,2025-05,2983.3,601.39,Pendiente,VEND-15
FAC-20250926,CLI-1040,Sierra,2025-02-08,2025-02,11421.49,2442.22,Pendiente,VEND-16
FAC-20250927,CLI-1026,Insular,2025-04-28,2025-04,14301.69,2802.76,Pagado,VEND-17
FAC-20250928,CLI-1009,Costa,2025-05-13,2025-05,14182.82,1893.64,Pendiente,VEND-16
FAC-20250929,CLI-1003,Insular,2025-01-10,2025-01,10072.55,2351.2,Pagado,VEND-14
FAC-20250930,CLI-1026,Insular,2025-06-24,2025-06,10661.46,2160.69,Vencido,VEND-15
FAC-20250931,CLI-1000,Oriente,2025-05-16,2025-05,9350.82,1390.18,Pendiente,VEND-17
FAC-20250932,CLI-1044,Oriente,2025-06-16,2025-06,6365.33,835.52,Pagado,VEND-15
FAC-20250933,CLI-1024,Sierra,2025-05-14,2025-05,14882.9,1425.47,Vencido,VEND-15
FAC-20250934,CLI-1048,Sierra,2025-01-06,2025-01,904.42,163.45,Pendiente,VEND-14
FAC-20250935,CLI-1046,Insular,2025-05-10,2025-05,2101.41,301.36,Vencido,VEND-11
FAC-20250936,CLI-1003,Costa,2025-04-25,2025-04,4820.44,756.98,Pendiente,VEND-13
FAC-20250937,CLI-1022,Oriente,2025-03-14,2025-03,10170.37,1803.92,Pendiente,VEND-16
FAC-20250938,CLI-1033,Sierra,2025-01-27,2025-01,5253.78,1155.22,Vencido,VEND-17
FAC-20250939,CLI-1006,Sierra,2025-04-19,2025-04,12512.35,1133.28,Pendiente,VEND-17
FAC-20250940,CLI-1013,Insular,2025-01-20,2025-01,5854.77,1053.86,Pendiente,VEND-14
FAC-20250941,CLI-1037,Insular,2025-06-12,2025-06,6639.62,1582.06,Pendiente,VEND-16
FAC-20250942,CLI-1010,Sierra,2025-05-10,2025-05,2343.3,239.01,Pagado,VEND-13
FAC-20250943,CLI-1029,Insular,2025-01-09,2025-01,11324.2,1616.94,Pagado,VEND-16
FAC-20250944,CLI-1007,Costa,2025-04-05,2025-04,-475.95,68.13,Vencido,VEND-14
FAC-20250945,CLI-1018,Insular,2025-01-08,2025-01,11972.45,2157.87,Pagado,VEND-14
FAC-20250946,CLI-1018,Sierra,2025-02-16,2025-02,12377.31,1247.58,Vencido,VEND-11
FAC-20250947,CLI-1002,Insular,2025-05-04,2025-05,8809.36,2053.01,Pendiente,VEND-17
FAC-20250948,CLI-1046,Sierra,2025-02-05,2025-02,7819.08,1223.59,Pendiente,VEND-12
FAC-20250949,CLI-1046,Oriente,2025-01-23,2025-01,12097.27,1810.2,Pendiente,VEND-16
FAC-20250950,CLI-1021,Costa,2025-06-21,2025-06,13405.63,2544.47,Pendiente,VEND-10
FAC-20250951,CLI-1036,Oriente,2025-05-24,2025-05,9854.82,931.04,Pagado,VEND-13
FAC-20250952,CLI-1048,Insular,2025-05-09,2025-05,13504.53,3229.62,Pendiente,VEND-10
FAC-20250953,CLI-1017,Sierra,2025-03-04,2025-03,12530.51,2237.0,Pagado,VEND-15
FAC-20250954,CLI-1025,Costa,2025-05-06,2025-05,-986.63,148.53,Vencido,VEND-16
FAC-20250955,CLI-1016,Costa,2025-01-30,2025-01,14706.9,1889.98,Pendiente,VEND-14
FAC-20250956,CLI-1049,Costa,2025-02-09,2025-02,4948.52,538.21,Vencido,VEND-12
FAC-20250957,CLI-1001,Costa,2025-03-18,2025-03,6154.13,924.23,Vencido,VEND-14
FAC-20250958,CLI-1024,Costa,2025-01-14,2025-01,3437.11,617.39,Pendiente,VEND-16
FAC-20250959,CLI-1007,Oriente,2025-01-16,2025-01,5115.88,466.2,Pagado,VEND-16
FAC-20250960,CLI-1040,Sierra,2025-01-05,2025-01,4402.82,857.52,Pendiente,VEND-12
FAC-20250961,CLI-1019,Insular,2025-04-25,2025-04,1716.67,196.71,Pendiente,VEND-15
FAC-20250962,CLI-1034,Sierra,2025-03-04,2025-03,8294.27,1948.77,Pendiente,VEND-10
FAC-20250963,CLI-1000,Insular,2025-06-08,2025-06,4694.12,375.96,Pendiente,VEND-14
FAC-20250964,CLI-1038,Oriente,2025-06-24,2025-06,6012.23,1127.14,Vencido,VEND-10
FAC-20250965,CLI-1010,Costa,2025-03-18,2025-03,1800.87,398.32,Vencido,VEND-16
FAC-20250966,CLI-1013,Oriente,2025-06-24,2025-06,14208.42,3502.93,Pendiente,VEND-14
FAC-20250967,CLI-1015,Oriente,2025-03-29,2025-03,3554.05,482.77,Pendiente,VEND-10
FAC-20250968,CLI-1038,Insular,2025-01-02,2025-01,13570.95,2038.87,Pendiente,VEND-16
FAC-20250969,CLI-1034,Costa,2025-06-16,2025-06,9943.36,2304.25,Pendiente,VEND-11
FAC-20250970,CLI-1022,Insular,2025-06-03,2025-06,5690.5,1198.16,Pagado,VEND-11
FAC-20250971,CLI-1029,Oriente,2025-02-19,2025-02,6946.38,579.07,Vencido,VEND-15
FAC-20250972,CLI-1012,Costa,2025-06-07,2025-06,9565.93,1124.91,Pendiente,VEND-15
FAC-20250973,CLI-1002,Oriente,2025-05-07,2025-05,13615.36,1573.18,Pendiente,VEND-16
FAC-20250974,CLI-1007,Oriente,2025-05-26,2025-05,7754.72,875.83,Pendiente,VEND-11
FAC-20250975,CLI-1037,Sierra,2025-01-17,2025-01,2347.75,529.26,Vencido,VEND-13
FAC-20250976,CLI-1043,Costa,2025-06-23,2025-06,8227.65,1441.65,Pendiente,VEND-10
FAC-20250977,CLI-1027,Costa,2025-03-24,2025-03,6771.95,857.23,Pendiente,VEND-17
FAC-20250978,CLI-1023,Costa,2025-02-27,2025-02,1180.99,201.37,Vencido,VEND-10
FAC-20250979,CLI-1025,Sierra,2025-03-27,2025-03,1686.23,142.17,Pendiente,VEND-16
FAC-20250980,CLI-1004,Sierra,2025-02-20,2025-02,2884.98,537.82,Pagado,VEND-10
FAC-20250981,CLI-1030,Insular,2025-01-07,2025-01,9091.7,1244.03,Vencido,VEND-13
FAC-20250982,CLI-1006,Insular,2025-03-03,2025-03,14402.64,3163.94,Pendiente,VEND-11
FAC-20250983,CLI-1049,Insular,2025-01-25,2025-01,9567.56,904.53,Pagado,VEND-10
FAC-20250984,CLI-1024,Oriente,2025-01-17,2025-01,11848.37,2564.06,Pagado,VEND-14
FAC-20250985,CLI-1039,Insular,2025-01-17,2025-01,1976.5,175.66,Pendiente,VEND-16
FAC-20250986,CLI-1006,Insular,2025-03-01,2025-03,13036.45,2425.84,Pendiente,VEND-16
FAC-20250987,CLI-1029,Insular,2025-06-08,2025-06,9478.84,2269.13,Pagado,VEND-17
FAC-20250988,CLI-1033,Oriente,2025-05-31,2025-05,3290.98,596.26,Pagado,VEND-13
FAC-20250989,CLI-1036,Sierra,2025-06-13,2025-06,7879.02,1275.12,Pendiente,VEND-12
FAC-20250990,CLI-1015,Sierra,2025-01-12,2025-01,1377.12,212.21,Vencido,VEND-14
FAC-20250991,CLI-1037,Sierra,2025-02-07,2025-02,7308.09,946.26,Pagado,VEND-12
FAC-20250992,CLI-1003,Sierra,2025-05-10,2025-05,12378.16,1105.16,Vencido,VEND-13
FAC-20250993,CLI-1012,Sierra,2025-01-18,2025-01,5452.5,1080.21,Pendiente,VEND-15
FAC-20250994,CLI-1037,Oriente,2025-06-07,2025-06,4844.66,473.92,Pagado,VEND-17
FAC-20250995,CLI-1014,Costa,2025-06-13,2025-06,3733.86,694.75,Pendiente,VEND-17
FAC-20250996,CLI-1047,Oriente,2025-04-07,2025-04,3477.09,863.29,Vencido,VEND-10
FAC-20250997,CLI-1004,Oriente,2025-01-08,2025-01,8543.03,1323.05,Vencido,VEND-10
FAC-20250998,CLI-1001,Sierra,2025-02-20,2025-02,4619.46,575.31,Pendiente,VEND-15
FAC-20250999,CLI-1035,Sierra,2025-02-15,2025-02,3341.82,416.07,Pagado,VEND-10
FAC-20251000,CLI-1043,Sierra,2025-04-08,2025-04,9995.6,1374.65,Pendiente,VEND-14
FAC-20251001,CLI-1029,Sierra,2025-04-05,2025-04,12237.57,2936.99,Pendiente,VEND-11
FAC-20251002,CLI-1007,Sierra,2025-02-03,2025-02,12026.02,1735.27,Vencido,VEND-15
FAC-20251003,CLI-1038,Insular,2025-06-12,2025-06,-1308.85,146.78,Vencido,VEND-12
FAC-20251004,CLI-1020,Sierra,2025-01-14,2025-01,9627.16,977.14,Pendiente,VEND-13
FAC-20251005,CLI-1046,Costa,2025-05-01,2025-05,11969.46,1298.25,Pendiente,VEND-15
FAC-20251006,CLI-1031,Insular,2025-02-15,2025-02,5166.44,1023.3,Pendiente,VEND-17
FAC-20251007,CLI-1017,Insular,2025-06-13,2025-06,13857.19,1194.81,Pendiente,VEND-13
FAC-20251008,CLI-1028,Sierra,2025-04-12,2025-04,3669.61,528.81,Pendiente,VEND-15
FAC-20251009,CLI-1016,Costa,2025-02-04,2025-02,11398.53,1917.23,Pendiente,VEND-10
FAC-20251010,CLI-1029,Oriente,2025-04-20,2025-04,7041.69,1003.28,Pendiente,VEND-15
FAC-20251011,CLI-1017,Insular,2025-01-07,2025-01,3103.7,588.8,Vencido,VEND-11
FAC-20251012,CLI-1018,Costa,2025-03-12,2025-03,13935.79,1283.89,Pagado,VEND-13
FAC-20251013,CLI-1021,Sierra,2025-06-22,2025-06,5274.0,1153.14,Vencido,VEND-13
FAC-20251014,CLI-1045,Sierra,2025-05-20,2025-05,-739.05,162.44,Pendiente,VEND-16
FAC-20251015,CLI-1037,Costa,2025-05-01,2025-05,9984.32,2413.74,Pendiente,VEND-13
FAC-20251016,CLI-1014,Sierra,2025-05-02,2025-05,3888.99,676.47,Pendiente,VEND-17
FAC-20251017,CLI-1021,Costa,2025-03-22,2025-03,12764.12,3065.02,Pendiente,VEND-13
FAC-20251018,CLI-1028,Insular,2025-05-23,2025-05,936.51,214.03,Vencido,VEND-10
FAC-20251019,CLI-1031,Oriente,2025-03-28,2025-03,3769.61,783.88,Vencido,VEND-15
FAC-20251020,CLI-1037,Costa,2025-05-26,2025-05,11887.69,1261.61,Vencido,VEND-16
FAC-20251021,CLI-1024,Sierra,2025-04-11,2025-04,1423.78,228.82,Vencido,VEND-17
FAC-20251022,CLI-1040,Oriente,2025-01-24,2025-01,2985.64,329.01,Pendiente,VEND-10
FAC-20251023,CLI-1011,Sierra,2025-01-18,2025-01,13714.51,1577.19,Vencido,VEND-11
FAC-20251024,CLI-1029,Costa,2025-04-05,2025-04,8018.71,1813.43,Pendiente,VEND-16
FAC-20251025,CLI-1010,Costa,2025-02-03,2025-02,8278.57,759.06,Pendiente,VEND-12
FAC-20251026,CLI-1013,Oriente,2025-04-21,2025-04,12359.49,1322.38,Vencido,VEND-13
FAC-20251027,CLI-1032,Insular,2025-03-12,2025-03,3424.69,533.48,Pendiente,VEND-13
FAC-20251028,CLI-1033,Oriente,2025-05-26,2025-05,13248.97,2357.56,Pagado,VEND-14
FAC-20251029,CLI-1041,Insular,2025-03-30,2025-03,10654.59,1391.13,Pendiente,VEND-16
FAC-20251030,CLI-1015,Sierra,2025-06-08,2025-06,11132.04,2614.27,Pendiente,VEND-11
FAC-20251031,CLI-1025,Costa,2025-03-03,2025-03,13340.36,3068.74,Vencido,VEND-11
FAC-20251032,CLI-1044,Sierra,2025-05-07,2025-05,6463.53,650.29,Vencido,VEND-11
FAC-20251033,CLI-1048,Costa,2025-05-10,2025-05,11614.82,1819.57,Vencido,VEND-13
FAC-20251034,CLI-1032,Costa,2025-04-29,2025-04,887.41,172.92,Pendiente,VEND-16
FAC-20251035,CLI-1021,Insular,2025-02-19,2025-02,-406.43,95.88,Vencido,VEND-17
FAC-20251036,CLI-1031,Insular,2025-01-18,2025-01,1696.96,341.61,Pendiente,VEND-12
FAC-20251037,CLI-1030,Oriente,2025-02-11,2025-02,-380.93,49.52,Pendiente,VEND-12
FAC-20251038,CLI-1004,Costa,2025-06-23,2025-06,4462.16,491.95,Pagado,VEND-13
FAC-20251039,CLI-1028,Costa,2025-06-12,2025-06,12266.92,2475.34,Pagado,VEND-16
FAC-20251040,CLI-1044,Oriente,2025-04-24,2025-04,-1590.34,334.62,Pendiente,VEND-15
FAC-20251041,CLI-1015,Sierra,2025-01-24,2025-01,-226.21,49.65,Pagado,VEND-13
FAC-20251042,CLI-1006,Sierra,2025-02-12,2025-02,1138.18,248.87,Vencido,VEND-13
FAC-20251043,CLI-1039,Sierra,2025-05-19,2025-05,6228.43,744.36,Pagado,VEND-15
FAC-20251044,CLI-1020,Sierra,2025-01-04,2025-01,6331.02,925.35,Pendiente,VEND-13
FAC-20251045,CLI-1004,Oriente,2025-06-16,2025-06,-1793.83,268.87,Pendiente,VEND-11
FAC-20251046,CLI-1045,Sierra,2025-03-06,2025-03,14406.0,3555.99,Pendiente,VEND-12
FAC-20251047,CLI-1021,Sierra,2025-06-12,2025-06,11544.89,2843.09,Pendiente,VEND-11
FAC-20251048,CLI-1021,Costa,2025-06-05,2025-06,13725.5,2290.44,Pendiente,VEND-10
FAC-20251049,CLI-1014,Costa,2025-06-07,2025-06,11504.64,1382.71,Pendiente,VEND-13
FAC-20251050,CLI-1039,Costa,2025-01-16,2025-01,2494.55,285.23,Pendiente,VEND-13
FAC-20251051,CLI-1041,Costa,2025-03-02,2025-03,13889.43,3344.56,Vencido,VEND-12
FAC-20251052,CLI-1017,Oriente,2025-06-14,2025-06,-1625.2,244.64,Vencido,VEND-10
FAC-20251053,CLI-1014,Oriente,2025-03-29,2025-03,4012.61,939.46,Pendiente,VEND-13
FAC-20251054,CLI-1038,Insular,2025-05-14,2025-05,5163.74,418.4,Pendiente,VEND-11
FAC-20251055,CLI-1012,Costa,2025-06-12,2025-06,14884.18,1508.44,Pendiente,VEND-13
FAC-20251056,CLI-1015,Costa,2025-04-20,2025-04,11012.34,2232.03,Pendiente,VEND-16
FAC-20251057,CLI-1011,Sierra,2025-03-19,2025-03,4637.62,872.12,Vencido,VEND-17
FAC-20251058,CLI-1005,Oriente,2025-04-12,2025-04,5976.9,907.64,Pendiente,VEND-12
FAC-20251059,CLI-1030,Costa,2025-04-08,2025-04,6697.26,1567.81,Vencido,VEND-12
FAC-20251060,CLI-1035,Sierra,2025-03-07,2025-03,6016.53,771.01,Pendiente,VEND-11
FAC-20251061,CLI-1021,Sierra,2025-05-01,2025-05,3337.88,269.4,Vencido,VEND-17
FAC-20251062,CLI-1025,Insular,2025-04-12,2025-04,14572.14,2378.52,Pagado,VEND-16
FAC-20251063,CLI-1002,Costa,2025-04-09,2025-04,14015.88,2939.15,Vencido,VEND-15
FAC-20251064,CLI-1032,Insular,2025-06-12,2025-06,10483.1,1998.65,Pendiente,VEND-13
FAC-20251065,CLI-1015,Insular,2025-01-09,2025-01,13861.29,2773.85,Pagado,VEND-12
FAC-20251066,CLI-1016,Insular,2025-06-24,2025-06,2636.83,470.19,Pendiente,VEND-10
FAC-20251067,CLI-1007,Costa,2025-06-14,2025-06,10818.34,2164.01,Pagado,VEND-13
FAC-20251068,CLI-1027,Sierra,2025-04-20,2025-04,4166.63,1018.77,Pendiente,VEND-14
FAC-20251069,CLI-1046,Insular,2025-01-23,2025-01,2084.47,449.37,Pendiente,VEND-14
FAC-20251070,CLI-1047,Sierra,2025-04-12,2025-04,-503.12,82.31,Pagado,VEND-11
FAC-20251071,CLI-1049,Insular,2025-05-15,2025-05,6544.21,1002.97,Pendiente,VEND-15
FAC-20251072,CLI-1011,Sierra,2025-02-20,2025-02,7553.83,745.87,Pendiente,VEND-12
FAC-20251073,CLI-1012,Costa,2025-02-16,2025-02,12233.09,3022.81,Pendiente,VEND-17
FAC-20251074,CLI-1040,Costa,2025-06-12,2025-06,2908.83,419.49,Vencido,VEND-11
FAC-20251075,CLI-1021,Costa,2025-05-30,2025-05,3904.31,817.14,Pagado,VEND-10
FAC-20251076,CLI-1017,Costa,2025-06-20,2025-06,8945.46,862.91,Pagado,VEND-16
FAC-20251077,CLI-1038,Oriente,2025-05-05,2025-05,7361.86,1126.42,Vencido,VEND-15
FAC-20251078,CLI-1020,Sierra,2025-04-03,2025-04,10143.64,910.2,Vencido,VEND-15
FAC-20251079,CLI-1006,Costa,2025-04-27,2025-04,13122.85,2913.56,Pendiente,VEND-10
FAC-20251080,CLI-1038,Costa,2025-05-16,2025-05,4552.28,994.94,Vencido,VEND-17
FAC-20251081,CLI-1039,Insular,2025-05-12,2025-05,6490.34,1607.34,Vencido,VEND-10
FAC-20251082,CLI-1040,Oriente,2025-01-12,2025-01,14559.16,2842.65,Pendiente,VEND-17
FAC-20251083,CLI-1025,Costa,2025-03-31,2025-03,6704.79,1597.37,Pagado,VEND-16
FAC-20251084,CLI-1018,Sierra,2025-02-06,2025-02,13112.95,2798.65,Pagado,VEND-12
FAC-20251085,CLI-1031,Costa,2025-03-19,2025-03,12569.13,3114.97,Pendiente,VEND-12
FAC-20251086,CLI-1028,Costa,2025-05-04,2025-05,10108.31,1172.35,Pagado,VEND-11
FAC-20251087,CLI-1027,Costa,2025-02-11,2025-02,13970.55,2028.43,Vencido,VEND-13
FAC-20251088,CLI-1046,Oriente,2025-06-20,2025-06,7406.38,747.5,Pendiente,VEND-17
FAC-20251089,CLI-1005,Oriente,2025-02-27,2025-02,14010.81,2551.59,Vencido,VEND-16
FAC-20251090,CLI-1045,Insular,2025-06-17,2025-06,9810.48,2212.69,Pendiente,VEND-13
FAC-20251091,CLI-1016,Costa,2025-03-16,2025-03,1771.36,364.72,Pendiente,VEND-11
FAC-20251092,CLI-1036,Oriente,2025-02-02,2025-02,12873.29,2292.42,Pagado,VEND-14
FAC-20251093,CLI-1003,Sierra,2025-04-10,2025-04,14707.82,2089.31,Pendiente,VEND-13
FAC-20251094,CLI-1006,Insular,2025-01-03,2025-01,8305.25,868.72,Vencido,VEND-13
FAC-20251095,CLI-1031,Insular,2025-02-07,2025-02,9221.25,1780.71,Pagado,VEND-15
FAC-20251096,CLI-1019,Costa,2025-03-12,2025-03,14954.3,2412.25,Pendiente,VEND-17
FAC-20251097,CLI-1018,Insular,2025-01-16,2025-01,14726.57,3250.75,Pendiente,VEND-13
FAC-20251098,CLI-1044,Costa,2025-02-15,2025-02,12923.29,1690.98,Pendiente,VEND-10
FAC-20251099,CLI-1035,Insular,2025-03-28,2025-03,6625.34,922.33,Pendiente,VEND-16
FAC-20251100,CLI-1004,Oriente,2025-03-14,2025-03,10597.46,2390.39,Pendiente,VEND-11
FAC-20251101,CLI-1008,Oriente,2025-05-29,2025-05,13054.9,3118.53,Vencido,VEND-17
FAC-20251102,CLI-1041,Sierra,2025-05-28,2025-05,2494.63,323.01,Pendiente,VEND-13
FAC-20251103,CLI-1013,Sierra,2025-06-16,2025-06,632.42,112.49,Pendiente,VEND-16
FAC-20251104,CLI-1027,Sierra,2025-01-15,2025-01,1892.69,209.21,Pagado,VEND-11
FAC-20251105,CLI-1032,Oriente,2025-06-01,2025-06,6790.41,1377.32,Pendiente,VEND-10
FAC-20251106,CLI-1007,Sierra,2025-04-12,2025-04,7585.08,1837.67,Pendiente,VEND-11
FAC-20251107,CLI-1049,Insular,2025-06-16,2025-06,6040.46,940.32,Pagado,VEND-11
FAC-20251108,CLI-1007,Costa,2025-02-01,2025-02,7593.67,1265.54,Pagado,VEND-17
FAC-20251109,CLI-1017,Costa,2025-06-01,2025-06,3125.9,592.61,Pendiente,VEND-14
FAC-20251110,CLI-1036,Sierra,2025-01-26,2025-01,5215.82,1181.78,Pendiente,VEND-16
FAC-20251111,CLI-1044,Costa,2025-04-11,2025-04,8562.87,1867.33,Pendiente,VEND-11
FAC-20251112,CLI-1033,Costa,2025-02-23,2025-02,14502.38,1605.6,Pendiente,VEND-10
FAC-20251113,CLI-1035,Insular,2025-03-22,2025-03,2284.16,262.81,Pendiente,VEND-11
FAC-20251114,CLI-1035,Oriente,2025-01-09,2025-01,1726.85,225.8,Pendiente,VEND-16
FAC-20251115,CLI-1042,Costa,2025-03-05,2025-03,4858.7,817.75,Vencido,VEND-17
FAC-20251116,CLI-1008,Insular,2025-03-22,2025-03,8078.66,1129.88,Pendiente,VEND-11
FAC-20251117,CLI-1042,Costa,2025-03-02,2025-03,1032.64,232.9,Pendiente,VEND-12
FAC-20251118,CLI-1038,Sierra,2025-06-01,2025-06,5706.44,1060.22,Pagado,VEND-14
FAC-20251119,CLI-1016,Insular,2025-06-16,2025-06,13603.07,1280.77,Vencido,VEND-16
FAC-20251120,CLI-1044,Sierra,2025-05-18,2025-05,3454.56,434.58,Pendiente,VEND-15
FAC-20251121,CLI-1036,Sierra,2025-04-18,2025-04,12412.73,2655.37,Pendiente,VEND-10
FAC-20251122,CLI-1038,Sierra,2025-01-20,2025-01,4416.82,866.92,Pendiente,VEND-11
FAC-20251123,CLI-1021,Costa,2025-04-03,2025-04,13684.06,1435.13,Pendiente,VEND-14
FAC-20251124,CLI-1000,Costa,2025-04-07,2025-04,14702.54,3555.12,Pagado,VEND-12
FAC-20251125,CLI-1033,Oriente,2025-05-31,2025-05,12409.48,2108.66,Vencido,VEND-14
FAC-20251126,CLI-1038,Costa,2025-01-13,2025-01,2975.84,435.14,Vencido,VEND-16
FAC-20251127,CLI-1030,Sierra,2025-03-08,2025-03,637.71,67.87,Pendiente,VEND-12
FAC-20251128,CLI-1024,Oriente,2025-01-14,2025-01,13817.4,1974.86,Pendiente,VEND-16
FAC-20251129,CLI-1045,Insular,2025-02-16,2025-02,6864.92,1096.14,Vencido,VEND-14
FAC-20251130,CLI-1027,Sierra,2025-03-20,2025-03,9716.71,1282.24,Vencido,VEND-11
FAC-20251131,CLI-1040,Costa,2025-01-20,2025-01,11084.32,1197.87,Pagado,VEND-11
FAC-20251132,CLI-1047,Oriente,2025-05-22,2025-05,13979.04,1143.74,Pendiente,VEND-12
FAC-20251133,CLI-1030,Insular,2025-05-12,2025-05,10434.27,1779.14,Pagado,VEND-16
FAC-20251134,CLI-1000,Sierra,2025-01-02,2025-01,10855.32,2251.87,Pendiente,VEND-10
FAC-20251135,CLI-1038,Insular,2025-02-13,2025-02,10280.57,1737.39,Pendiente,VEND-12
FAC-20251136,CLI-1004,Oriente,2025-02-04,2025-02,7948.43,1207.07,Pendiente,VEND-12
FAC-20251137,CLI-1023,Costa,2025-03-28,2025-03,13753.66,2360.82,Pagado,VEND-14
FAC-20251138,CLI-1019,Insular,2025-03-17,2025-03,-1336.12,196.3,Vencido,VEND-10
FAC-20251139,CLI-1029,Insular,2025-01-15,2025-01,5658.29,768.7,Vencido,VEND-11
FAC-20251140,CLI-1000,Oriente,2025-02-17,2025-02,-975.45,110.79,Pendiente,VEND-16
FAC-20251141,CLI-1007,Insular,2025-01-02,2025-01,2756.64,326.49,Pendiente,VEND-15
FAC-20251142,CLI-1019,Oriente,2025-04-20,2025-04,13436.8,1690.51,Pendiente,VEND-17
FAC-20251143,CLI-1010,Sierra,2025-04-01,2025-04,-1790.44,359.1,Pagado,VEND-13
FAC-20251144,CLI-1018,Costa,2025-02-04,2025-02,6220.92,1450.53,Pendiente,VEND-13
FAC-20251145,CLI-1030,Oriente,2025-01-31,2025-01,6605.88,1426.67,Pendiente,VEND-15
FAC-20251146,CLI-1048,Insular,2025-05-09,2025-05,11026.92,2429.88,Pendiente,VEND-11
FAC-20251147,CLI-1006,Costa,2025-02-02,2025-02,2755.36,579.88,Pendiente,VEND-10
FAC-20251148,CLI-1043,Oriente,2025-04-20,2025-04,14658.36,2254.98,Vencido,VEND-14
FAC-20251149,CLI-1031,Costa,2025-04-20,2025-04,4092.34,683.06,Pendiente,VEND-14
FAC-20251150,CLI-1049,Costa,2025-03-09,2025-03,14916.73,3274.28,Pendiente,VEND-17
FAC-20251151,CLI-1045,Costa,2025-05-09,2025-05,9360.96,2109.29,Pendiente,VEND-13
FAC-20251152,CLI-1007,Sierra,2025-04-13,2025-04,1056.31,251.35,Pendiente,VEND-10
FAC-20251153,CLI-1039,Sierra,2025-01-24,2025-01,13033.08,2205.78,Pendiente,VEND-13
FAC-20251154,CLI-1021,Insular,2025-05-03,2025-05,1389.57,123.37,Pagado,VEND-14
FAC-20251155,CLI-1023,Oriente,2025-03-31,2025-03,10817.99,2511.59,Pendiente,VEND-10
FAC-20251156,CLI-1000,Costa,2025-06-19,2025-06,11298.94,1810.65,Pagado,VEND-16
FAC-20251157,CLI-1011,Oriente,2025-05-06,2025-05,5771.93,556.82,Pagado,VEND-12
FAC-20251158,CLI-1021,Oriente,2025-04-03,2025-04,11272.51,2060.63,Pendiente,VEND-14
FAC-20251159,CLI-1013,Insular,2025-01-23,2025-01,13364.31,2756.25,Pagado,VEND-10
FAC-20251160,CLI-1037,Sierra,2025-02-19,2025-02,10717.57,993.84,Vencido,VEND-14
FAC-20251161,CLI-1046,Insular,2025-02-21,2025-02,8236.58,837.92,Pendiente,VEND-14
FAC-20251162,CLI-1048,Oriente,2025-04-04,2025-04,7002.99,1644.61,Pagado,VEND-17
FAC-20251163,CLI-1026,Costa,2025-02-12,2025-02,9187.73,936.4,Pagado,VEND-10
FAC-20251164,CLI-1044,Sierra,2025-04-12,2025-04,7677.88,1284.45,Pagado,VEND-12
FAC-20251165,CLI-1028,Insular,2025-05-24,2025-05,11800.9,1488.73,Pendiente,VEND-10
FAC-20251166,CLI-1010,Sierra,2025-06-01,2025-06,10602.47,2273.28,Pendiente,VEND-14
FAC-20251167,CLI-1019,Sierra,2025-03-17,2025-03,10769.69,1174.85,Pagado,VEND-13
FAC-20251168,CLI-1018,Costa,2025-06-13,2025-06,2648.02,629.25,Vencido,VEND-10
FAC-20251169,CLI-1041,Sierra,2025-02-23,2025-02,-825.43,150.95,Vencido,VEND-15
FAC-20251170,CLI-1005,Oriente,2025-02-04,2025-02,6420.97,868.04,Pagado,VEND-10
FAC-20251171,CLI-1022,Sierra,2025-03-13,2025-03,3062.66,524.81,Pagado,VEND-16
FAC-20251172,CLI-1041,Oriente,2025-06-10,2025-06,9697.43,2122.42,Pendiente,VEND-15
FAC-20251173,CLI-1017,Sierra,2025-05-29,2025-05,9632.11,1418.12,Pendiente,VEND-13
FAC-20251174,CLI-1046,Insular,2025-04-05,2025-04,2650.85,435.57,Pendiente,VEND-12
FAC-20251175,CLI-1011,Sierra,2025-05-26,2025-05,7612.52,1447.03,Pagado,VEND-14
FAC-20251176,CLI-1010,Sierra,2025-04-11,2025-04,10466.82,1092.72,Pendiente,VEND-13
FAC-20251177,CLI-1029,Insular,2025-01-26,2025-01,11002.45,2283.84,Pagado,VEND-11
FAC-20251178,CLI-1024,Insular,2025-01-06,2025-01,-1694.93,404.91,Pendiente,VEND-13
FAC-20251179,CLI-1049,Costa,2025-03-10,2025-03,2568.22,211.35,Pagado,VEND-11
FAC-20251180,CLI-1034,Oriente,2025-01-22,2025-01,3433.66,603.24,Pendiente,VEND-12
FAC-20251181,CLI-1019,Oriente,2025-05-03,2025-05,2740.44,541.64,Pagado,VEND-10
FAC-20251182,CLI-1002,Costa,2025-05-20,2025-05,4802.71,1067.17,Pendiente,VEND-10
FAC-20251183,CLI-1014,Costa,2025-02-28,2025-02,6693.46,1281.21,Pendiente,VEND-16
FAC-20251184,CLI-1043,Costa,2025-05-06,2025-05,2958.61,287.86,Vencido,VEND-15
FAC-20251185,CLI-1004,Oriente,2025-01-31,2025-01,5727.16,540.74,Pagado,VEND-12
FAC-20251186,CLI-1011,Insular,2025-05-16,2025-05,5355.24,815.56,Vencido,VEND-14
FAC-20251187,CLI-1022,Costa,2025-03-11,2025-03,13785.4,3289.06,Pagado,VEND-10
FAC-20251188,CLI-1009,Sierra,2025-03-23,2025-03,2642.81,569.43,Pendiente,VEND-11
FAC-20251189,CLI-1007,Insular,2025-03-13,2025-03,2597.68,264.13,Pendiente,VEND-15
FAC-20251190,CLI-1020,Insular,2025-04-19,2025-04,7478.68,1363.34,Vencido,VEND-12
FAC-20251191,CLI-1041,Sierra,2025-04-09,2025-04,6570.56,1121.86,Pendiente,VEND-16
FAC-20251192,CLI-1005,Insular,2025-05-15,2025-05,8879.21,1839.85,Pagado,VEND-13
FAC-20251193,CLI-1023,Costa,2025-02-22,2025-02,-1205.07,292.58,Pagado,VEND-10
FAC-20251194,CLI-1022,Oriente,2025-02-05,2025-02,4773.11,1074.25,Pendiente,VEND-13
FAC-20251195,CLI-1013,Sierra,2025-01-15,2025-01,11331.43,2246.83,Pendiente,VEND-16
FAC-20251196,CLI-1046,Costa,2025-04-19,2025-04,5889.42,1134.7,Pagado,VEND-17
FAC-20251197,CLI-1038,Sierra,2025-01-08,2025-01,2629.86,319.94,Pagado,VEND-16
FAC-20251198,CLI-1009,Sierra,2025-05-01,2025-05,11281.59,2242.28,Vencido,VEND-17
FAC-20251199,CLI-1026,Oriente,2025-04-24,2025-04,11830.26,1523.15,Pendiente,VEND-10
FAC-20250668,CLI-1033,Insular,2025-05-15,2025-05,3542.76,318.46,Pagado,VEND-17
FAC-20251011,CLI-1017,Insular,2025-01-07,2025-01,3103.7,588.8,Vencido,VEND-11
FAC-20250399,CLI-1031,Sierra,2025-03-26,2025-03,11307.48,2793.0,Pendiente,VEND-11
FAC-20250887,CLI-1049,Insular,2025-06-23,2025-06,1867.43,239.64,Pagado,VEND-16
