id_factura,cliente_id,region,fecha_emision,monto_usd,costo_logistico_usd,estado_pago,vendedor_id
FAC-20250000,CLI-1040,Costa,07/01/2025,11252.48,1167.12,Pagado,VEND-11
FAC-20250001,CLI-1037,Insular,09/01/2025,932.06,154.64,Pagado,VEND-13
FAC-20250002,cliente_1045,Insular,26/02/2025,7013.53,1597.55,Pendiente,VEND-16
FAC-20250003,CLI-1021,Oriente,09/02/2025,3622.05,352.7,,VEND-11
FAC-20250004,CLI-1022,Oriente,04/06/2025,-1026.96,103.95,,VEND-11
FAC-20250005,CLI-1035,Oriente,10/06/2025,9468.54,1686.82,Pagado,VEND-10
FAC-20250006,CLI-1042,Sierra,16/03/2025,14785.71,3360.82,,VEND-14
FAC-20250007,CLI-1029,Oriente,11/02/2025,5867.62,735.72,Pagado,VEND-12
FAC-20250008,CLI-1034,Sierra,11/02/2025,7202.77,1709.34,Pendiente,VEND-15
FAC-20250009,CLI-1049,Costa,28/02/2025,12416.14,1840.05,Pagado,VEND-13
FAC-20250010,CLI-1036,Oriente,24/02/2025,10003.86,2355.64,,VEND-12
FAC-20250011,CLI-1016,Sierra,05/03/2025,11302.34,2339.5,,VEND-16
FAC-20250012,CLI-1023,Sierra,05/02/2025,7888.13,694.23,Pagado,VEND-12
FAC-20250013,CLI-1040,Sierra,24/06/2025,6621.32,959.27,,VEND-14
FAC-20250014,CLI-1035,Costa,24/06/2025,10950.47,1875.65,Vencido,VEND-15
FAC-20250015,CLI-1007,Oriente,22/04/2025,-1499.77,303.47,Pendiente,VEND-11
FAC-20250016,CLI-1040,Oriente,13/06/2025,7861.11,1128.58,Pendiente,VEND-10
FAC-20250017,CLI-1038,Oriente,06/05/2025,782.41,179.47,Vencido,VEND-13
FAC-20250018,CLI-1003,Sierra,26/05/2025,14230.77,2314.18,Pagado,VEND-12
FAC-20250019,CLI-1008,Insular,21/05/2025,2894.34,530.01,Pendiente,VEND-13
FAC-20250020,cliente_1045,Oriente,13/04/2025,14929.67,2306.29,,VEND-11
FAC-20250021,CLI-1015,Sierra,17/01/2025,5402.24,643.51,Pendiente,VEND-10
FAC-20250022,CLI-1004,Costa,28/02/2025,-794.77,133.05,Vencido,VEND-17
FAC-20250023,CLI-1013,Sierra,27/05/2025,8855.07,1420.4,,VEND-13
FAC-20250024,CLI-1006,Costa,18/06/2025,6750.24,1075.95,Pagado,VEND-11
FAC-20250025,cliente_1003,Insular,28/03/2025,12108.59,1363.07,,VEND-12
FAC-20250026,CLI-1027,Sierra,13/03/2025,7208.11,669.02,Pagado,VEND-10
FAC-20250027,CLI-1041,Costa,24/01/2025,13932.32,1508.49,,VEND-17
FAC-20250028,CLI-1013,Insular,16/01/2025,-902.76,214.41,,VEND-14
FAC-20250029,CLI-1027,Insular,09/02/2025,3253.52,292.63,Pagado,VEND-15
FAC-20250030,cliente_1003,Costa,30/05/2025,7413.43,1262.44,Pagado,VEND-11
FAC-20250031,CLI-1011,Costa,02/06/2025,1485.43,220.8,Pendiente,VEND-10
FAC-20250032,CLI-1039,Costa,18/04/2025,10031.91,1342.1,Vencido,VEND-13
FAC-20250033,CLI-1042,Oriente,03/03/2025,4351.41,825.62,,VEND-15
FAC-20250034,CLI-1048,Costa,03/01/2025,7145.14,1781.54,Pagado,VEND-13
FAC-20250035,CLI-1032,Oriente,03/02/2025,14032.26,3220.07,Vencido,VEND-14
FAC-20250036,CLI-1010,Insular,20/05/2025,10701.33,2652.11,Pagado,VEND-14
FAC-20250037,CLI-1042,Costa,04/02/2025,4334.76,893.87,Pendiente,VEND-14
FAC-20250038,CLI-1018,Sierra,29/03/2025,3452.16,431.1,,VEND-14
FAC-20250039,CLI-1003,Costa,12/06/2025,6641.85,535.35,Pendiente,VEND-14
FAC-20250040,CLI-1010,Insular,22/05/2025,10732.18,1062.69,Pendiente,VEND-10
FAC-20250041,CLI-1023,Sierra,21/04/2025,2347.96,546.67,Pagado,VEND-15
FAC-20250042,CLI-1013,Sierra,20/06/2025,1990.51,458.42,,VEND-12
FAC-20250043,CLI-1015,Sierra,15/02/2025,-1525.82,208.23,,VEND-13
FAC-20250044,CLI-1017,Sierra,28/01/2025,-1047.24,119.31,,VEND-15
FAC-20250045,CLI-1019,Sierra,27/02/2025,843.13,114.5,Pagado,VEND-14
FAC-20250046,CLI-1022,Insular,23/06/2025,14726.67,3529.55,Pagado,VEND-14
FAC-20250047,CLI-1011,Oriente,10/01/2025,2071.84,422.35,Vencido,VEND-16
FAC-20250048,CLI-1038,Costa,09/04/2025,13542.82,1185.62,,VEND-10
FAC-20250049,CLI-1033,Sierra,04/04/2025,6753.81,1597.49,Vencido,VEND-11
FAC-20250050,CLI-1046,Oriente,10/05/2025,4984.63,739.76,Vencido,VEND-12
FAC-20250051,CLI-1012,Insular,20/06/2025,14135.27,3300.26,Vencido,VEND-16
FAC-20250052,CLI-1035,Costa,19/03/2025,4660.25,832.31,Vencido,VEND-17
FAC-20250053,CLI-1028,Insular,22/06/2025,3598.67,839.21,Pendiente,VEND-11
FAC-20250054,CLI-1018,Oriente,24/01/2025,12367.14,2403.87,Pendiente,VEND-13
FAC-20250055,CLI-1009,Costa,12/01/2025,4050.22,909.09,Pagado,VEND-17
FAC-20250056,CLI-1026,Sierra,09/04/2025,7668.47,1468.74,Pagado,VEND-11
FAC-20250057,CLI-1049,Insular,26/02/2025,3050.36,512.62,Pagado,VEND-13
FAC-20250058,CLI-1007,Insular,04/02/2025,12120.54,3005.19,Vencido,VEND-17
FAC-20250059,CLI-1039,Insular,21/05/2025,6965.75,1577.42,,VEND-14
FAC-20250060,CLI-1048,Sierra,13/06/2025,4521.01,734.13,Pendiente,VEND-14
FAC-20250061,CLI-1028,Costa,15/03/2025,3900.16,904.11,Pagado,VEND-12
FAC-20250062,CLI-1009,Sierra,09/04/2025,10562.27,960.31,,VEND-15
FAC-20250063,CLI-1034,Insular,17/04/2025,1402.85,205.11,Pagado,VEND-16
FAC-20250064,CLI-1030,Costa,01/04/2025,4829.88,1118.5,,VEND-13
FAC-20250065,CLI-1031,Sierra,11/03/2025,-805.03,157.35,,VEND-12
FAC-20250066,CLI-1029,Sierra,09/06/2025,8244.79,1489.19,Pagado,VEND-11
FAC-20250067,CLI-1041,Insular,04/02/2025,13069.34,1623.56,Vencido,VEND-13
FAC-20250068,CLI-1029,Oriente,28/03/2025,11537.83,2398.04,,VEND-14
FAC-20250069,CLI-1005,Insular,05/01/2025,11360.85,2747.35,Pendiente,VEND-11
FAC-20250070,CLI-1049,Costa,08/01/2025,14269.37,1190.99,Pendiente,VEND-13
FAC-20250071,CLI-1008,Insular,21/06/2025,2158.65,343.35,Vencido,VEND-15
FAC-20250072,CLI-1010,Costa,11/02/2025,14488.45,1222.32,Vencido,VEND-16
FAC-20250073,CLI-1025,Sierra,20/01/2025,9085.42,1101.92,Vencido,VEND-11
FAC-20250074,CLI-1036,Costa,30/03/2025,8224.81,754.4,Vencido,VEND-10
FAC-20250075,CLI-1026,Insular,28/01/2025,6786.09,1571.44,,VEND-12
FAC-20250076,CLI-1027,Sierra,14/05/2025,14499.37,3152.07,,VEND-17
FAC-20250077,C-1027,Oriente,24/03/2025,12849.84,1217.3,,VEND-13
FAC-20250078,CLI-1048,Insular,26/05/2025,9349.81,793.6,Vencido,VEND-12
FAC-20250079,CLI-1031,Sierra,01/04/2025,12068.57,2771.6,Vencido,VEND-10
FAC-20250080,CLI-1033,Sierra,22/01/2025,3999.66,697.46,Pendiente,VEND-17
FAC-20250081,CLI-1041,Insular,25/04/2025,11997.53,1411.77,Pendiente,VEND-14
FAC-20250082,CLI-1042,Oriente,02/05/2025,8525.36,2126.46,Vencido,VEND-15
FAC-20250083,CLI-1044,Insular,11/03/2025,4946.03,1002.16,Vencido,VEND-11
FAC-20250084,CLI-1047,Sierra,19/02/2025,3637.58,739.08,Vencido,VEND-11
FAC-20250085,CLI-1012,Oriente,28/02/2025,5732.78,1148.64,Pendiente,VEND-14
FAC-20250086,CLI-1002,Costa,22/05/2025,4735.98,892.44,,VEND-11
FAC-20250087,CLI-1000,Oriente,01/05/2025,7441.36,1816.69,Vencido,VEND-17
FAC-20250088,CLI-1007,Costa,13/04/2025,7630.33,1500.86,Pendiente,VEND-12
FAC-20250089,CLI-1036,Oriente,22/01/2025,14911.81,3130.81,Pendiente,VEND-16
FAC-20250090,CLI-1028,Insular,18/03/2025,12972.42,1711.25,Pagado,VEND-11
FAC-20250091,CLI-1048,Sierra,10/06/2025,3559.87,379.84,Pendiente,VEND-11
FAC-20250092,CLI-1010,Costa,15/04/2025,7032.3,910.78,Pendiente,VEND-14
FAC-20250093,cliente_1045,Oriente,27/04/2025,1532.11,191.47,Pendiente,VEND-16
FAC-20250094,CLI-1007,Sierra,15/06/2025,2660.35,277.16,Pagado,VEND-12
FAC-20250095,CLI-1019,Oriente,23/04/2025,2303.13,458.22,Vencido,VEND-17
FAC-20250096,CLI-1028,Costa,03/06/2025,1077.98,145.31,Vencido,VEND-10
FAC-20250097,CLI-1005,Sierra,22/06/2025,12621.4,3049.76,Vencido,VEND-10
FAC-20250098,CLI-1048,Sierra,01/05/2025,8024.98,1021.47,,VEND-17
FAC-20250099,CLI-1005,Insular,31/03/2025,6421.05,627.86,Pendiente,VEND-15
FAC-20250100,CLI-1026,Insular,15/03/2025,10107.46,2115.34,Pagado,VEND-17
FAC-20250101,CLI-1005,Oriente,06/03/2025,5187.47,771.43,Pagado,VEND-17
FAC-20250102,CLI-1026,Costa,18/02/2025,8017.37,1320.81,,VEND-10
FAC-20250103,CLI-1013,Oriente,21/05/2025,2399.69,551.31,,VEND-11
FAC-20250104,CLI-1001,Sierra,10/02/2025,-934.38,110.44,Pagado,VEND-17
FAC-20250105,CLI-1007,Sierra,08/05/2025,14023.47,2803.57,,VEND-17
FAC-20250106,CLI-1030,Sierra,27/04/2025,8493.34,2010.52,Pendiente,VEND-11
FAC-20250107,CLI-1017,Insular,29/03/2025,14046.6,3083.14,Vencido,VEND-14
FAC-20250108,CLI-1037,Insular,08/02/2025,6974.94,952.18,,VEND-17
FAC-20250109,CLI-1020,Sierra,03/03/2025,8791.07,1862.32,Pagado,VEND-15
FAC-20250110,CLI-1047,Insular,08/04/2025,6098.14,1338.71,Pendiente,VEND-17
FAC-20250111,CLI-1002,Sierra,09/05/2025,14497.63,1407.17,,VEND-11
FAC-20250112,cliente_1033,Insular,04/01/2025,10975.44,2099.74,Pendiente,VEND-11
FAC-20250113,CLI-1030,Oriente,28/03/2025,9537.26,893.2,Vencido,VEND-16
FAC-20250114,CLI-1020,Insular,19/05/2025,1020.54,191.14,Vencido,VEND-13
FAC-20250115,CLI-1047,Costa,22/04/2025,14685.9,2932.21,Pagado,VEND-17
FAC-20250116,CLI-1010,Oriente,08/01/2025,1166.87,151.54,Vencido,VEND-16
FAC-20250117,CLI-1009,Sierra,16/05/2025,6474.75,716.17,Pendiente,VEND-11
FAC-20250118,CLI-1039,Insular,08/06/2025,10405.45,1864.0,Pendiente,VEND-17
FAC-20250119,CLI-1040,Oriente,28/04/2025,-1648.34,384.4,Pendiente,VEND-11
FAC-20250120,CLI-1028,Oriente,31/05/2025,4837.74,954.74,,VEND-14
FAC-20250121,CLI-1012,Insular,04/05/2025,2046.47,288.6,Vencido,VEND-14
FAC-20250122,C-1001,Insular,12/03/2025,617.42,131.09,Pagado,VEND-17
FAC-20250123,CLI-1018,Sierra,05/06/2025,12128.01,1362.25,Vencido,VEND-12
FAC-20250124,CLI-1040,Costa,10/06/2025,9871.94,1529.56,Vencido,VEND-12
FAC-20250125,CLI-1005,Oriente,25/03/2025,11338.47,1161.82,Vencido,VEND-14
FAC-20250126,CLI-1010,Oriente,04/05/2025,14527.07,3311.7,Pagado,VEND-17
FAC-20250127,CLI-1004,Sierra,27/02/2025,12972.04,3198.78,Vencido,VEND-11
FAC-20250128,CLI-1025,Costa,09/03/2025,8280.3,1609.53,Vencido,VEND-16
FAC-20250129,CLI-1040,Oriente,28/01/2025,10285.13,1906.07,Vencido,VEND-13
FAC-20250130,CLI-1041,Costa,12/06/2025,12445.9,1635.05,,VEND-11
FAC-20250131,cliente_1008,Costa,10/01/2025,4913.29,474.24,Pendiente,VEND-16
FAC-20250132,C-1029,Oriente,21/06/2025,14266.02,2451.37,Pendiente,VEND-16
FAC-20250133,CLI-1041,Costa,06/05/2025,9426.96,1202.46,Vencido,VEND-13
FAC-20250134,CLI-1028,Insular,02/03/2025,12904.03,2536.49,Vencido,VEND-10
FAC-20250135,CLI-1025,Oriente,18/02/2025,14539.0,3200.22,Pagado,VEND-13
FAC-20250136,CLI-1041,Costa,13/01/2025,11908.52,1207.61,Pendiente,VEND-11
FAC-20250137,CLI-1048,Sierra,31/05/2025,3631.29,493.33,Pendiente,VEND-10
FAC-20250138,CLI-1017,Sierra,03/02/2025,8333.12,822.37,Pagado,VEND-12
FAC-20250139,CLI-1000,Oriente,02/03/2025,-677.66,68.82,,VEND-11
FAC-20250140,CLI-1047,Costa,02/05/2025,6999.99,1266.46,,VEND-13
FAC-20250141,CLI-1039,Costa,18/06/2025,8061.04,1965.96,Pagado,VEND-17
FAC-20250142,CLI-1025,Insular,25/06/2025,2065.45,320.98,Pagado,VEND-15
FAC-20250143,CLI-1038,Sierra,17/01/2025,2329.78,418.22,Vencido,VEND-16
FAC-20250144,CLI-1038,Oriente,27/04/2025,7830.49,1682.2,Pagado,VEND-13
FAC-20250145,CLI-1027,Insular,28/02/2025,6500.3,960.64,Pagado,VEND-15
FAC-20250146,CLI-1027,Oriente,20/06/2025,4195.9,825.58,,VEND-11
FAC-20250147,CLI-1005,Costa,24/01/2025,6762.21,969.36,Pendiente,VEND-10
FAC-20250148,CLI-1037,Oriente,21/06/2025,2272.35,438.81,,VEND-10
FAC-20250149,CLI-1018,Oriente,01/04/2025,2002.21,212.84,,VEND-13
FAC-20250150,CLI-1006,Oriente,23/05/2025,5829.64,1035.33,,VEND-10
FAC-20250151,CLI-1038,Oriente,08/01/2025,3116.03,412.96,Vencido,VEND-15
FAC-20250152,CLI-1000,Sierra,06/02/2025,8711.66,907.05,Pagado,VEND-11
FAC-20250153,CLI-1047,Sierra,07/04/2025,6587.57,941.42,Vencido,VEND-11
FAC-20250154,CLI-1003,Sierra,10/02/2025,-346.85,53.88,,VEND-17
FAC-20250155,CLI-1038,Insular,17/04/2025,4460.92,443.19,,VEND-11
FAC-20250156,CLI-1018,Insular,15/05/2025,-911.47,165.78,Pagado,VEND-13
FAC-20250157,CLI-1019,Sierra,05/02/2025,11580.33,1162.63,,VEND-16
FAC-20250158,CLI-1011,Sierra,08/04/2025,8222.44,1438.79,Vencido,VEND-11
FAC-20250159,cliente_1025,Costa,22/04/2025,771.75,174.85,,VEND-16
FAC-20250160,CLI-1045,Insular,16/03/2025,-784.58,169.65,,VEND-15
FAC-20250161,CLI-1005,Insular,28/01/2025,4028.09,681.04,,VEND-14
FAC-20250162,CLI-1047,Oriente,26/02/2025,5329.5,888.87,Pagado,VEND-13
FAC-20250163,CLI-1049,Oriente,31/03/2025,11047.0,2414.39,Pendiente,VEND-11
FAC-20250164,CLI-1009,Oriente,20/02/2025,3015.74,630.46,Pagado,VEND-12
FAC-20250165,C-1049,Insular,29/04/2025,11439.46,1788.15,Vencido,VEND-15
FAC-20250166,CLI-1009,Insular,18/01/2025,7299.36,1572.11,Pagado,VEND-15
FAC-20250167,CLI-1032,Costa,21/03/2025,-863.73,111.25,Pagado,VEND-16
FAC-20250168,CLI-1029,Costa,26/04/2025,13681.22,1532.31,,VEND-12
FAC-20250169,CLI-1003,Insular,27/01/2025,12259.02,3028.05,Pagado,VEND-12
FAC-20250170,CLI-1002,Sierra,23/04/2025,14869.3,2731.0,Vencido,VEND-15
FAC-20250171,CLI-1018,Insular,15/04/2025,11729.74,1042.8,Vencido,VEND-11
FAC-20250172,CLI-1021,Costa,23/05/2025,10336.5,2098.67,Pendiente,VEND-15
FAC-20250173,CLI-1005,Sierra,31/03/2025,4998.36,962.5,Pendiente,VEND-11
FAC-20250174,CLI-1019,Insular,14/06/2025,11979.1,2322.98,Pagado,VEND-16
FAC-20250175,CLI-1032,Oriente,05/01/2025,5757.67,670.27,,VEND-13
FAC-20250176,CLI-1014,Sierra,09/02/2025,1618.89,157.35,Pagado,VEND-15
FAC-20250177,CLI-1049,Sierra,02/06/2025,5962.44,1319.66,Pendiente,VEND-17
FAC-20250178,CLI-1002,Insular,04/04/2025,10307.26,1602.92,Vencido,VEND-17
FAC-20250179,CLI-1014,Sierra,21/03/2025,14501.15,3388.57,Pendiente,VEND-15
FAC-20250180,CLI-1043,Insular,29/04/2025,11656.86,1929.14,,VEND-12
FAC-20250181,CLI-1012,Sierra,06/03/2025,1256.61,179.83,Pagado,VEND-11
FAC-20250182,CLI-1018,Costa,11/02/2025,4455.47,468.04,,VEND-11
FAC-20250183,CLI-1014,Insular,31/03/2025,13991.84,2062.36,Vencido,VEND-13
FAC-20250184,C-1024,Costa,06/04/2025,3755.81,363.73,Vencido,VEND-12
FAC-20250185,CLI-1008,Costa,15/03/2025,13802.24,3054.28,,VEND-17
FAC-20250186,CLI-1039,Costa,21/01/2025,775.56,81.76,,VEND-11
FAC-20250187,CLI-1049,Oriente,02/03/2025,-955.69,205.44,,VEND-11
FAC-20250188,CLI-1007,Insular,02/06/2025,8272.78,1470.55,Pendiente,VEND-14
FAC-20250189,CLI-1027,Costa,07/06/2025,5615.83,628.09,Pagado,VEND-15
FAC-20250190,CLI-1004,Costa,10/04/2025,-896.39,128.6,Pagado,VEND-15
FAC-20250191,CLI-1004,Oriente,03/03/2025,11127.64,2349.66,Vencido,VEND-12
FAC-20250192,CLI-1002,Oriente,20/05/2025,5408.94,1196.27,,VEND-17
FAC-20250193,CLI-1040,Sierra,04/02/2025,1414.96,223.29,Vencido,VEND-13
FAC-20250194,CLI-1002,Sierra,11/01/2025,5076.14,749.74,,VEND-14
FAC-20250195,CLI-1002,Sierra,15/03/2025,5676.13,1289.54,Vencido,VEND-14
FAC-20250196,CLI-1007,Oriente,22/04/2025,13397.55,3109.42,,VEND-15
FAC-20250197,CLI-1011,Insular,08/05/2025,5826.53,730.31,Pagado,VEND-16
FAC-20250198,CLI-1005,Insular,04/06/2025,14928.92,1939.87,Pagado,VEND-11
FAC-20250199,CLI-1020,Oriente,20/03/2025,6965.78,754.6,,VEND-15
FAC-20250200,CLI-1028,Costa,01/04/2025,9415.35,1776.77,Pagado,VEND-11
FAC-20250201,CLI-1042,Insular,04/04/2025,7939.75,851.12,Pagado,VEND-12
FAC-20250202,C-1038,Insular,09/01/2025,2330.34,442.01,Vencido,VEND-16
FAC-20250203,CLI-1036,Costa,04/06/2025,2724.85,389.83,,VEND-11
FAC-20250204,CLI-1036,Sierra,16/05/2025,5820.77,741.43,Pagado,VEND-10
FAC-20250205,CLI-1047,Sierra,08/05/2025,8007.31,800.89,Vencido,VEND-17
FAC-20250206,CLI-1013,Oriente,06/05/2025,3402.59,315.04,Pendiente,VEND-17
FAC-20250207,C-1005,Oriente,20/06/2025,5537.67,953.42,Vencido,VEND-12
FAC-20250208,CLI-1045,Sierra,03/04/2025,7876.96,899.29,Pendiente,VEND-13
FAC-20250209,CLI-1031,Costa,03/04/2025,8533.31,1848.51,Pendiente,VEND-11
FAC-20250210,CLI-1004,Oriente,12/04/2025,14994.13,2539.53,,VEND-11
FAC-20250211,CLI-1008,Oriente,14/06/2025,1575.39,264.59,Pendiente,VEND-12
FAC-20250212,CLI-1049,Sierra,21/04/2025,7791.52,1724.55,Pendiente,VEND-14
FAC-20250213,CLI-1010,Sierra,24/03/2025,14053.7,3387.96,Vencido,VEND-11
FAC-20250214,C-1016,Sierra,12/06/2025,14367.1,2675.93,Pagado,VEND-12
FAC-20250215,cliente_1037,Sierra,13/02/2025,10051.63,1838.18,Pagado,VEND-10
FAC-20250216,CLI-1005,Costa,14/06/2025,11679.82,1352.96,,VEND-10
FAC-20250217,CLI-1031,Oriente,14/06/2025,14371.43,3115.68,,VEND-14
FAC-20250218,CLI-1029,Costa,16/01/2025,2792.17,443.83,Vencido,VEND-12
FAC-20250219,CLI-1020,Oriente,30/03/2025,14642.92,2093.82,Pagado,VEND-15
FAC-20250220,CLI-1015,Insular,01/02/2025,4378.34,422.33,Vencido,VEND-16
FAC-20250221,CLI-1039,Insular,05/03/2025,14458.94,3156.26,Vencido,VEND-13
FAC-20250222,CLI-1048,Sierra,08/05/2025,14941.56,3428.23,,VEND-10
FAC-20250223,CLI-1005,Insular,10/05/2025,7129.84,1277.44,Pagado,VEND-10
FAC-20250224,CLI-1018,Insular,02/06/2025,13293.92,2127.02,Pagado,VEND-11
FAC-20250225,CLI-1027,Sierra,09/03/2025,11048.87,1571.25,,VEND-10
FAC-20250226,CLI-1036,Sierra,03/04/2025,8521.73,1412.25,Vencido,VEND-11
FAC-20250227,CLI-1008,Costa,11/04/2025,5911.38,1033.49,Vencido,VEND-12
FAC-20250228,CLI-1012,Insular,09/05/2025,-1484.47,321.65,,VEND-12
FAC-20250229,CLI-1038,Sierra,25/03/2025,14004.85,2055.94,Vencido,VEND-15
FAC-20250230,CLI-1032,Insular,25/05/2025,4846.96,691.28,Pagado,VEND-16
FAC-20250231,CLI-1037,Oriente,11/06/2025,886.38,216.63,Pendiente,VEND-10
FAC-20250232,CLI-1037,Insular,13/02/2025,8101.37,1714.92,,VEND-12
FAC-20250233,CLI-1043,Sierra,09/01/2025,8802.27,989.67,,VEND-15
FAC-20250234,CLI-1026,Sierra,16/04/2025,10512.25,2225.92,,VEND-10
FAC-20250235,CLI-1045,Sierra,13/05/2025,3506.45,675.27,,VEND-15
FAC-20250236,CLI-1011,Insular,17/05/2025,5463.74,1154.15,Vencido,VEND-17
FAC-20250237,CLI-1012,Sierra,13/03/2025,8592.26,2108.5,Vencido,VEND-14
FAC-20250238,CLI-1045,Sierra,06/05/2025,5097.09,1216.82,Vencido,VEND-14
FAC-20250239,CLI-1007,Insular,12/04/2025,12366.47,2680.86,Vencido,VEND-10
FAC-20250240,CLI-1018,Costa,30/03/2025,13898.14,2877.58,Pendiente,VEND-13
FAC-20250241,C-1034,Oriente,24/05/2025,10594.48,1956.43,Pendiente,VEND-13
FAC-20250242,CLI-1003,Sierra,13/06/2025,3876.13,527.73,,VEND-11
FAC-20250243,CLI-1043,Sierra,02/01/2025,14485.52,1547.78,,VEND-17
FAC-20250244,CLI-1041,Sierra,15/03/2025,5156.93,1208.52,Pagado,VEND-13
FAC-20250245,CLI-1034,Costa,14/02/2025,6559.33,1566.15,Pagado,VEND-16
FAC-20250246,CLI-1031,Sierra,16/03/2025,-1222.33,120.08,Vencido,VEND-14
FAC-20250247,cliente_1029,Insular,04/02/2025,12840.37,1448.11,Pagado,VEND-15
FAC-20250248,CLI-1010,Insular,15/06/2025,4230.34,868.17,Vencido,VEND-13
FAC-20250249,CLI-1011,Insular,20/04/2025,7971.57,1544.68,Pendiente,VEND-12
FAC-20250250,CLI-1030,Oriente,05/03/2025,599.04,93.42,Vencido,VEND-15
FAC-20250251,CLI-1019,Costa,08/03/2025,9978.41,903.66,Pagado,VEND-17
FAC-20250252,CLI-1019,Sierra,14/04/2025,10448.07,2412.73,Vencido,VEND-11
FAC-20250253,CLI-1040,Oriente,05/04/2025,9412.07,966.68,Pendiente,VEND-17
FAC-20250254,CLI-1047,Oriente,17/04/2025,10678.14,2229.06,Pendiente,VEND-13
FAC-20250255,CLI-1043,Costa,15/05/2025,6977.85,650.88,Pagado,VEND-10
FAC-20250256,CLI-1035,Sierra,27/05/2025,8281.57,1865.53,,VEND-11
FAC-20250257,CLI-1043,Sierra,30/05/2025,7588.01,1181.7,Pagado,VEND-17
FAC-20250258,CLI-1008,Insular,27/04/2025,8676.71,1686.5,Vencido,VEND-10
FAC-20250259,CLI-1025,Oriente,01/01/2025,11314.17,992.24,Vencido,VEND-11
FAC-20250260,CLI-1034,Costa,18/01/2025,14798.99,1906.19,Pendiente,VEND-12
FAC-20250261,CLI-1049,Insular,06/04/2025,14896.42,3393.93,,VEND-16
FAC-20250262,CLI-1005,Sierra,17/06/2025,12974.16,3227.76,,VEND-12
FAC-20250263,CLI-1046,Sierra,01/01/2025,11464.6,1819.55,,VEND-16
FAC-20250264,CLI-1014,Sierra,28/04/2025,5519.32,1321.1,Pagado,VEND-10
FAC-20250265,CLI-1042,Insular,07/06/2025,11607.78,959.5,Pendiente,VEND-11
FAC-20250266,CLI-1006,Costa,25/04/2025,9167.88,809.29,Pagado,VEND-16
FAC-20250267,CLI-1028,Sierra,19/05/2025,3650.4,327.06,Vencido,VEND-13
FAC-20250268,CLI-1046,Oriente,28/05/2025,9169.81,1233.46,Vencido,VEND-12
FAC-20250269,CLI-1042,Sierra,16/04/2025,4857.26,1171.81,Pendiente,VEND-16
FAC-20250270,CLI-1035,Insular,13/01/2025,14598.21,2833.92,Vencido,VEND-16
FAC-20250271,CLI-1026,Sierra,18/03/2025,5958.67,956.36,Pendiente,VEND-14
FAC-20250272,CLI-1045,Sierra,29/04/2025,13763.75,3365.56,Pendiente,VEND-16
FAC-20250273,CLI-1015,Oriente,22/02/2025,5288.81,827.51,Vencido,VEND-11
FAC-20250274,CLI-1034,Sierra,14/01/2025,4392.69,801.65,Pagado,VEND-13
FAC-20250275,CLI-1048,Sierra,03/05/2025,3528.89,464.2,Pagado,VEND-13
FAC-20250276,CLI-1012,Costa,03/05/2025,13759.4,2746.94,,VEND-13
FAC-20250277,C-1035,Oriente,14/03/2025,6019.6,849.21,Vencido,VEND-15
FAC-20250278,C-1032,Insular,30/04/2025,1929.82,308.41,Vencido,VEND-13
FAC-20250279,CLI-1023,Oriente,16/04/2025,1162.87,239.57,Pagado,VEND-14
FAC-20250280,CLI-1035,Insular,17/03/2025,2709.97,391.79,Pendiente,VEND-17
FAC-20250281,CLI-1035,Oriente,07/03/2025,11568.73,2348.51,,VEND-17
FAC-20250282,CLI-1010,Oriente,13/02/2025,2529.4,281.49,Pagado,VEND-10
FAC-20250283,CLI-1004,Costa,02/01/2025,6479.69,773.31,Pendiente,VEND-10
FAC-20250284,CLI-1013,Insular,06/04/2025,1376.53,328.67,,VEND-17
FAC-20250285,CLI-1001,Costa,17/05/2025,-1152.95,146.09,Vencido,VEND-10
FAC-20250286,CLI-1032,Insular,15/02/2025,2051.74,216.07,Pendiente,VEND-14
FAC-20250287,CLI-1022,Oriente,12/04/2025,1645.78,260.08,Pendiente,VEND-13
FAC-20250288,CLI-1019,Costa,17/06/2025,14879.28,1270.49,,VEND-16
FAC-20250289,CLI-1024,Insular,15/01/2025,9732.85,915.44,,VEND-15
FAC-20250290,CLI-1036,Costa,16/05/2025,13827.71,3224.85,,VEND-14
FAC-20250291,CLI-1002,Costa,25/06/2025,13920.98,2447.26,Pagado,VEND-12
FAC-20250292,CLI-1020,Costa,23/02/2025,9012.02,1812.87,,VEND-11
FAC-20250293,CLI-1019,Sierra,25/05/2025,3986.85,582.7,Vencido,VEND-16
FAC-20250294,CLI-1048,Sierra,21/01/2025,7761.5,691.77,,VEND-13
FAC-20250295,CLI-1004,Oriente,04/06/2025,11650.58,1717.76,Vencido,VEND-10
FAC-20250296,CLI-1040,Oriente,26/04/2025,7613.75,1827.26,,VEND-12
FAC-20250297,CLI-1043,Insular,22/01/2025,11696.43,1425.75,Pagado,VEND-11
FAC-20250298,CLI-1017,Sierra,08/04/2025,10819.32,2225.98,Vencido,VEND-15
FAC-20250299,CLI-1006,Costa,02/01/2025,14172.92,2968.22,Pagado,VEND-12
FAC-20250300,CLI-1005,Sierra,21/04/2025,7008.23,1046.8,Pagado,VEND-11
FAC-20250301,CLI-1022,Costa,02/06/2025,9171.64,1334.39,Vencido,VEND-16
FAC-20250302,CLI-1024,Costa,24/05/2025,13625.51,2414.89,Pendiente,VEND-16
FAC-20250303,CLI-1010,Sierra,10/03/2025,4866.4,441.65,,VEND-14
FAC-20250304,cliente_1026,Oriente,04/05/2025,11848.67,2849.82,,VEND-13
FAC-20250305,CLI-1029,Costa,04/02/2025,4917.54,671.13,,VEND-15
FAC-20250306,CLI-1028,Oriente,21/04/2025,12324.39,3027.1,Pendiente,VEND-14
FAC-20250307,CLI-1020,Sierra,03/05/2025,5055.66,1237.04,Vencido,VEND-17
FAC-20250308,CLI-1036,Sierra,25/03/2025,5952.8,873.86,Pagado,VEND-13
FAC-20250309,CLI-1037,Sierra,24/06/2025,-1508.98,362.62,Pendiente,VEND-17
FAC-20250310,CLI-1018,Costa,15/04/2025,10258.18,1348.76,Vencido,VEND-12
FAC-20250311,CLI-1045,Insular,07/04/2025,1572.49,253.91,,VEND-16
FAC-20250312,CLI-1034,Costa,03/04/2025,10673.7,1931.4,Pagado,VEND-11
FAC-20250313,CLI-1049,Sierra,18/06/2025,10138.06,1866.98,,VEND-15
FAC-20250314,CLI-1027,Costa,03/01/2025,1929.8,399.4,Pendiente,VEND-17
FAC-20250315,CLI-1023,Insular,29/04/2025,11698.96,1931.25,Vencido,VEND-10
FAC-20250316,CLI-1030,Costa,17/03/2025,6531.64,651.41,Pendiente,VEND-15
FAC-20250317,CLI-1019,Oriente,27/04/2025,11871.91,1652.7,Pagado,VEND-17
FAC-20250318,CLI-1046,Insular,23/03/2025,-1479.4,124.03,Vencido,VEND-11
FAC-20250319,CLI-1043,Sierra,04/03/2025,7981.91,1087.68,,VEND-17
FAC-20250320,CLI-1014,Insular,11/06/2025,3174.55,487.18,Pagado,VEND-13
FAC-20250321,cliente_1028,Insular,10/04/2025,564.53,71.88,Pagado,VEND-11
FAC-20250322,CLI-1034,Sierra,04/04/2025,5226.78,651.26,,VEND-15
FAC-20250323,CLI-1038,Insular,06/06/2025,6191.89,865.86,,VEND-12
FAC-20250324,CLI-1043,Oriente,07/06/2025,9057.44,1206.83,Pendiente,VEND-14
FAC-20250325,CLI-1007,Sierra,06/04/2025,10554.83,1594.84,Pendiente,VEND-16
FAC-20250326,CLI-1027,Sierra,05/05/2025,9714.77,1842.84,Pendiente,VEND-12
FAC-20250327,CLI-1031,Oriente,05/02/2025,3212.93,595.35,Vencido,VEND-10
FAC-20250328,CLI-1031,Sierra,19/02/2025,12320.63,2044.29,,VEND-16
FAC-20250329,CLI-1043,Insular,17/04/2025,10797.06,1170.76,Pagado,VEND-13
FAC-20250330,CLI-1018,Costa,12/03/2025,3760.23,799.9,,VEND-11
FAC-20250331,CLI-1036,Costa,10/03/2025,11739.14,1671.26,Pagado,VEND-17
FAC-20250332,CLI-1034,Sierra,19/04/2025,1985.04,412.35,Vencido,VEND-10
FAC-20250333,CLI-1028,Oriente,31/03/2025,13001.89,2952.72,Pagado,VEND-13
FAC-20250334,CLI-1013,Oriente,06/06/2025,9675.17,1003.02,Pendiente,VEND-13
FAC-20250335,cliente_1003,Oriente,17/05/2025,4575.73,617.82,Vencido,VEND-14
FAC-20250336,CLI-1036,Oriente,12/05/2025,14789.58,1422.58,,VEND-10
FAC-20250337,CLI-1017,Sierra,03/02/2025,4120.32,909.94,,VEND-17
FAC-20250338,CLI-1009,Oriente,10/06/2025,6506.26,1221.33,Pagado,VEND-16
FAC-20250339,CLI-1032,Oriente,05/04/2025,7093.09,1269.18,Pagado,VEND-17
FAC-20250340,CLI-1040,Oriente,17/01/2025,12037.33,2944.11,Pendiente,VEND-17
FAC-20250341,CLI-1017,Oriente,14/03/2025,5397.45,951.27,,VEND-15
FAC-20250342,CLI-1043,Costa,12/01/2025,1943.83,307.38,Pagado,VEND-12
FAC-20250343,CLI-1028,Insular,01/01/2025,14881.65,3709.52,Pendiente,VEND-14
FAC-20250344,CLI-1010,Oriente,24/01/2025,9991.53,1430.92,Pendiente,VEND-10
FAC-20250345,CLI-1025,Oriente,01/03/2025,6723.85,646.71,Pendiente,VEND-17
FAC-20250346,CLI-1004,Sierra,01/06/2025,3779.77,308.35,Vencido,VEND-11
FAC-20250347,CLI-1027,Sierra,03/05/2025,1527.01,311.86,Pagado,VEND-11
FAC-20250348,CLI-1020,Oriente,18/03/2025,2488.37,517.67,Pendiente,VEND-12
FAC-20250349,CLI-1004,Costa,06/06/2025,9925.29,2012.98,Pendiente,VEND-16
FAC-20250350,C-1039,Insular,25/02/2025,1756.98,365.3,,VEND-15
FAC-20250351,CLI-1027,Oriente,05/02/2025,4092.9,500.1,Vencido,VEND-10
FAC-20250352,CLI-1042,Oriente,22/02/2025,8007.36,1658.59,Vencido,VEND-10
FAC-20250353,CLI-1015,Insular,09/04/2025,2134.78,386.33,Pagado,VEND-15
FAC-20250354,CLI-1020,Sierra,10/04/2025,12981.8,1844.97,Pendiente,VEND-17
FAC-20250355,CLI-1049,Costa,05/01/2025,-588.34,139.34,,VEND-14
FAC-20250356,CLI-1040,Insular,19/04/2025,10676.25,1827.95,Pendiente,VEND-14
FAC-20250357,CLI-1005,Oriente,21/01/2025,7913.92,1720.25,Vencido,VEND-16
FAC-20250358,CLI-1037,Costa,21/03/2025,10630.8,2380.23,Pagado,VEND-13
FAC-20250359,CLI-1005,Insular,30/01/2025,7073.89,937.85,Pendiente,VEND-11
FAC-20250360,CLI-1000,Sierra,03/01/2025,2875.57,485.72,Vencido,VEND-12
FAC-20250361,CLI-1023,Sierra,10/03/2025,11127.57,2592.53,Vencido,VEND-16
FAC-20250362,CLI-1017,Costa,09/03/2025,10828.69,1008.17,,VEND-15
FAC-20250363,CLI-1003,Insular,26/05/2025,2919.78,617.43,Pagado,VEND-13
FAC-20250364,CLI-1047,Costa,12/01/2025,-282.77,40.12,Pendiente,VEND-12
FAC-20250365,C-1002,Insular,27/02/2025,5166.13,1045.88,Vencido,VEND-11
FAC-20250366,CLI-1036,Oriente,31/01/2025,7779.59,859.56,Pagado,VEND-16
FAC-20250367,CLI-1004,Insular,14/03/2025,11716.15,1109.35,,VEND-10
FAC-20250368,CLI-1023,Sierra,16/03/2025,8675.2,1612.39,,VEND-15
FAC-20250369,CLI-1037,Insular,20/02/2025,11120.72,2394.46,Pendiente,VEND-10
FAC-20250370,CLI-1026,Costa,01/03/2025,8352.41,1652.84,Pagado,VEND-15
FAC-20250371,cliente_1000,Insular,20/03/2025,2007.26,241.85,,VEND-10
FAC-20250372,CLI-1009,Oriente,24/01/2025,1136.55,254.29,,VEND-15
FAC-20250373,CLI-1029,Costa,29/05/2025,1885.87,413.75,Pagado,VEND-10
FAC-20250374,CLI-1027,Sierra,02/03/2025,4729.3,1122.86,,VEND-15
FAC-20250375,CLI-1020,Insular,11/03/2025,3887.36,400.94,Pagado,VEND-12
FAC-20250376,CLI-1006,Sierra,26/04/2025,7257.8,1241.86,Pendiente,VEND-17
FAC-20250377,CLI-1019,Insular,09/03/2025,12860.99,2794.58,Vencido,VEND-10
FAC-20250378,CLI-1013,Oriente,07/02/2025,1822.59,256.03,Pagado,VEND-14
FAC-20250379,CLI-1016,Sierra,08/01/2025,14305.4,2496.47,Pendiente,VEND-11
FAC-20250380,CLI-1029,Costa,05/02/2025,2261.07,481.07,Pendiente,VEND-12
FAC-20250381,CLI-1012,Insular,06/04/2025,10451.14,985.4,Vencido,VEND-11
FAC-20250382,CLI-1001,Costa,20/02/2025,13586.19,1384.36,Vencido,VEND-11
FAC-20250383,CLI-1002,Insular,13/01/2025,2935.84,644.96,,VEND-17
FAC-20250384,CLI-1001,Insular,24/06/2025,6686.63,1567.42,Vencido,VEND-14
FAC-20250385,CLI-1028,Sierra,09/01/2025,9404.55,1787.22,,VEND-16
FAC-20250386,CLI-1035,Insular,16/01/2025,1771.96,268.04,Pendiente,VEND-10
FAC-20250387,CLI-1024,Oriente,03/05/2025,8395.51,1974.25,Vencido,VEND-16
FAC-20250388,CLI-1017,Sierra,07/01/2025,5123.72,1190.14,Vencido,VEND-10
FAC-20250389,CLI-1030,Oriente,30/05/2025,14994.28,1454.79,Pendiente,VEND-14
FAC-20250390,CLI-1034,Costa,26/02/2025,8847.54,1292.02,Pendiente,VEND-12
FAC-20250391,CLI-1015,Oriente,02/04/2025,-1461.01,352.23,Pendiente,VEND-13
FAC-20250392,CLI-1031,Oriente,14/02/2025,7611.33,909.9,Pendiente,VEND-10
FAC-20250393,CLI-1033,Insular,01/01/2025,5310.14,1152.81,Vencido,VEND-12
FAC-20250394,CLI-1020,Costa,06/01/2025,2641.82,274.96,Pagado,VEND-15
FAC-20250395,C-1004,Oriente,19/06/2025,6236.14,818.81,Pendiente,VEND-12
FAC-20250396,CLI-1046,Insular,13/06/2025,14429.6,1581.69,Vencido,VEND-13
FAC-20250397,CLI-1042,Sierra,07/04/2025,4948.94,503.06,Pagado,VEND-16
FAC-20250398,CLI-1049,Costa,16/02/2025,9234.64,2257.69,Pendiente,VEND-11
FAC-20250399,C-1031,Sierra,26/03/2025,11307.48,2793.0,Pendiente,VEND-11
FAC-20250400,CLI-1045,Oriente,25/04/2025,665.24,131.61,Vencido,VEND-14
FAC-20250401,CLI-1006,Costa,13/01/2025,6096.09,1492.0,,VEND-17
FAC-20250402,CLI-1024,Oriente,20/05/2025,5942.54,1272.2,Pendiente,VEND-12
FAC-20250403,CLI-1028,Costa,09/01/2025,4776.17,1154.79,Pagado,VEND-15
FAC-20250404,CLI-1010,Insular,11/02/2025,11113.78,2585.97,Pagado,VEND-15
FAC-20250405,CLI-1038,Insular,08/01/2025,6754.19,1237.66,,VEND-12
FAC-20250406,CLI-1003,Costa,26/03/2025,3480.48,690.96,Vencido,VEND-14
FAC-20250407,CLI-1019,Sierra,25/01/2025,1219.71,271.72,Pendiente,VEND-10
FAC-20250408,CLI-1023,Costa,20/04/2025,1770.61,329.8,,VEND-13
FAC-20250409,CLI-1006,Costa,22/02/2025,2977.07,279.63,Pagado,VEND-14
FAC-20250410,CLI-1025,Insular,06/05/2025,13475.72,2548.49,,VEND-12
FAC-20250411,CLI-1023,Insular,05/04/2025,-991.53,123.72,Vencido,VEND-10
FAC-20250412,CLI-1009,Costa,22/01/2025,10188.05,1532.06,Pendiente,VEND-10
FAC-20250413,CLI-1024,Insular,18/05/2025,10462.49,1855.64,Pendiente,VEND-17
FAC-20250414,CLI-1019,Costa,12/04/2025,13590.27,2247.25,Pendiente,VEND-11
FAC-20250415,CLI-1048,Insular,14/02/2025,14261.39,1654.63,Pendiente,VEND-12
FAC-20250416,CLI-1002,Insular,21/01/2025,14830.06,3700.63,Pendiente,VEND-14
FAC-20250417,CLI-1020,Costa,23/01/2025,6127.44,829.91,Vencido,VEND-17
FAC-20250418,CLI-1000,Insular,29/01/2025,6509.41,1171.36,Pagado,VEND-11
FAC-20250419,CLI-1036,Costa,15/03/2025,13078.39,2998.12,Vencido,VEND-16
FAC-20250420,CLI-1041,Insular,27/05/2025,-695.75,72.67,,VEND-10
FAC-20250421,CLI-1025,Oriente,02/03/2025,1214.72,152.64,Vencido,VEND-10
FAC-20250422,CLI-1021,Oriente,21/03/2025,4565.03,905.48,Pagado,VEND-13
FAC-20250423,CLI-1008,Oriente,24/04/2025,11723.45,2390.36,Pagado,VEND-13
FAC-20250424,C-1028,Sierra,15/04/2025,11243.7,2557.07,Pagado,VEND-12
FAC-20250425,CLI-1004,Oriente,10/05/2025,6349.08,1073.81,Pagado,VEND-12
FAC-20250426,CLI-1012,Sierra,15/01/2025,4117.61,972.02,Pendiente,VEND-14
FAC-20250427,CLI-1023,Insular,10/05/2025,6255.66,1224.86,Pendiente,VEND-15
FAC-20250428,CLI-1031,Insular,15/02/2025,14427.55,2506.45,Vencido,VEND-12
FAC-20250429,CLI-1016,Costa,14/03/2025,-1736.88,369.21,Pendiente,VEND-13
FAC-20250430,CLI-1041,Sierra,23/06/2025,3497.6,585.0,Pagado,VEND-17
FAC-20250431,CLI-1008,Sierra,03/06/2025,12112.54,2221.66,Vencido,VEND-14
FAC-20250432,C-1027,Insular,31/03/2025,7155.47,939.98,,VEND-11
FAC-20250433,CLI-1000,Oriente,24/05/2025,9886.46,1292.56,Pagado,VEND-17
FAC-20250434,CLI-1004,Oriente,12/03/2025,9788.62,1217.66,Vencido,VEND-13
FAC-20250435,CLI-1009,Sierra,15/01/2025,12178.73,2216.6,Vencido,VEND-12
FAC-20250436,CLI-1046,Costa,17/06/2025,7711.91,1805.94,,VEND-16
FAC-20250437,CLI-1047,Costa,30/05/2025,10767.0,1208.98,Pendiente,VEND-17
FAC-20250438,CLI-1042,Oriente,10/05/2025,4852.83,930.75,Pendiente,VEND-14
FAC-20250439,CLI-1006,Insular,02/02/2025,11243.32,1967.98,Pendiente,VEND-15
FAC-20250440,CLI-1041,Costa,26/02/2025,5651.61,747.17,Vencido,VEND-15
FAC-20250441,CLI-1016,Oriente,29/04/2025,12842.6,2918.95,Pagado,VEND-17
FAC-20250442,CLI-1012,Costa,24/06/2025,6034.2,538.19,Pendiente,VEND-12
FAC-20250443,CLI-1012,Oriente,15/04/2025,14814.28,3669.95,Pendiente,VEND-15
FAC-20250444,CLI-1045,Sierra,21/01/2025,7569.92,833.15,Pagado,VEND-10
FAC-20250445,CLI-1028,Oriente,23/02/2025,11537.3,2422.4,,VEND-11
FAC-20250446,C-1008,Insular,12/06/2025,6726.44,1084.02,Pagado,VEND-10
FAC-20250447,CLI-1034,Sierra,06/04/2025,14275.99,2978.89,Pendiente,VEND-10
FAC-20250448,C-1043,Costa,10/06/2025,11137.25,2551.4,Vencido,VEND-12
FAC-20250449,CLI-1006,Insular,09/05/2025,9035.72,1988.34,Vencido,VEND-14
FAC-20250450,CLI-1029,Oriente,22/04/2025,13375.62,1849.37,,VEND-15
FAC-20250451,CLI-1048,Sierra,12/02/2025,14247.22,2116.8,Pendiente,VEND-13
FAC-20250452,CLI-1046,Sierra,24/02/2025,11144.11,1211.67,Vencido,VEND-10
FAC-20250453,CLI-1024,Oriente,17/05/2025,9535.45,840.58,Pagado,VEND-10
FAC-20250454,CLI-1003,Costa,17/04/2025,6942.56,853.7,Pendiente,VEND-13
FAC-20250455,CLI-1044,Costa,19/03/2025,6602.64,1112.23,Pendiente,VEND-16
FAC-20250456,CLI-1006,Costa,14/03/2025,2153.18,244.97,Pendiente,VEND-14
FAC-20250457,CLI-1033,Sierra,02/04/2025,10699.83,927.66,,VEND-13
FAC-20250458,CLI-1044,Insular,26/03/2025,-360.21,35.58,,VEND-12
FAC-20250459,CLI-1005,Costa,26/01/2025,13619.3,2147.05,Vencido,VEND-14
FAC-20250460,CLI-1029,Costa,26/01/2025,12291.09,2764.05,Vencido,VEND-15
FAC-20250461,CLI-1027,Costa,25/01/2025,12843.07,1048.56,Pendiente,VEND-12
FAC-20250462,CLI-1021,Oriente,23/04/2025,14348.79,2936.07,Vencido,VEND-15
FAC-20250463,CLI-1011,Costa,13/04/2025,6303.63,1399.85,,VEND-16
FAC-20250464,CLI-1041,Sierra,29/01/2025,2421.42,597.77,Pendiente,VEND-11
FAC-20250465,CLI-1026,Insular,26/05/2025,10336.7,1494.25,Vencido,VEND-10
FAC-20250466,CLI-1043,Sierra,04/05/2025,13845.77,2075.73,Pagado,VEND-11
FAC-20250467,C-1016,Oriente,04/01/2025,10716.24,2255.55,Pendiente,VEND-15
FAC-20250468,CLI-1033,Costa,21/04/2025,10094.84,1400.94,,VEND-12
FAC-20250469,cliente_1035,Costa,03/01/2025,9829.28,2204.74,,VEND-12
FAC-20250470,CLI-1004,Insular,24/03/2025,3992.93,353.61,Pendiente,VEND-16
FAC-20250471,CLI-1025,Sierra,21/01/2025,7156.87,1117.74,,VEND-17
FAC-20250472,CLI-1020,Costa,08/05/2025,-926.19,79.74,Pagado,VEND-11
FAC-20250473,CLI-1038,Oriente,11/05/2025,8653.82,1363.46,Vencido,VEND-15
FAC-20250474,CLI-1003,Sierra,27/04/2025,5313.6,967.03,Vencido,VEND-17
FAC-20250475,CLI-1007,Costa,18/06/2025,3715.33,821.39,Vencido,VEND-15
FAC-20250476,CLI-1044,Costa,12/01/2025,13504.72,2967.16,,VEND-11
FAC-20250477,CLI-1016,Sierra,18/02/2025,2250.81,262.56,Pendiente,VEND-15
FAC-20250478,CLI-1006,Insular,12/01/2025,13936.08,2509.86,,VEND-17
FAC-20250479,CLI-1042,Sierra,08/05/2025,562.9,97.97,,VEND-17
FAC-20250480,CLI-1032,Sierra,29/05/2025,3017.93,294.56,Vencido,VEND-16
FAC-20250481,CLI-1026,Sierra,12/03/2025,6269.11,815.04,Pendiente,VEND-12
FAC-20250482,CLI-1026,Oriente,21/05/2025,12980.26,3102.76,Pendiente,VEND-13
FAC-20250483,CLI-1013,Oriente,25/06/2025,5506.76,1359.22,Pendiente,VEND-15
FAC-20250484,CLI-1045,Costa,01/04/2025,8653.06,2078.94,,VEND-14
FAC-20250485,CLI-1027,Costa,14/05/2025,2043.82,181.94,Pagado,VEND-13
FAC-20250486,CLI-1017,Sierra,15/03/2025,10409.16,942.5,Vencido,VEND-13
FAC-20250487,CLI-1048,Costa,02/04/2025,12303.38,2799.83,Pendiente,VEND-16
FAC-20250488,CLI-1015,Oriente,20/06/2025,1181.21,178.15,Vencido,VEND-10
FAC-20250489,CLI-1000,Oriente,21/02/2025,9498.14,2164.82,Pendiente,VEND-15
FAC-20250490,CLI-1048,Sierra,19/02/2025,4765.58,934.3,Pendiente,VEND-12
FAC-20250491,CLI-1047,Costa,07/04/2025,1089.2,136.06,Pendiente,VEND-14
FAC-20250492,CLI-1000,Oriente,30/04/2025,10790.49,1145.19,Vencido,VEND-10
FAC-20250493,CLI-1049,Oriente,06/05/2025,11953.67,1104.4,Vencido,VEND-13
FAC-20250494,CLI-1011,Costa,10/05/2025,2810.87,417.64,Vencido,VEND-13
FAC-20250495,CLI-1013,Oriente,26/03/2025,5731.57,1191.89,,VEND-10
FAC-20250496,CLI-1007,Oriente,25/04/2025,3985.04,941.12,Pendiente,VEND-10
FAC-20250497,CLI-1043,Oriente,08/04/2025,13781.02,2006.5,Vencido,VEND-10
FAC-20250498,CLI-1033,Oriente,12/05/2025,12140.84,1061.77,Pendiente,VEND-15
FAC-20250499,CLI-1032,Costa,25/01/2025,2927.22,501.89,Pagado,VEND-11
FAC-20250500,CLI-1013,Sierra,25/06/2025,6651.04,1140.11,,VEND-11
FAC-20250501,CLI-1047,Sierra,07/01/2025,7158.77,679.21,Pagado,VEND-12
FAC-20250502,CLI-1016,Costa,28/05/2025,12413.48,1853.3,,VEND-16
FAC-20250503,CLI-1027,Oriente,05/01/2025,6147.78,497.99,Pagado,VEND-10
FAC-20250504,CLI-1044,Costa,02/04/2025,13956.69,2983.54,Vencido,VEND-11
FAC-20250505,CLI-1018,Insular,08/04/2025,6229.14,1000.26,Pendiente,VEND-12
FAC-20250506,CLI-1047,Insular,20/05/2025,4777.19,624.23,Vencido,VEND-10
FAC-20250507,CLI-1035,Sierra,01/02/2025,1105.71,162.53,Pagado,VEND-14
FAC-20250508,CLI-1013,Oriente,24/02/2025,6483.49,1083.61,Pendiente,VEND-12
FAC-20250509,CLI-1014,Oriente,19/02/2025,2162.03,381.47,Pagado,VEND-17
FAC-20250510,CLI-1041,Costa,16/03/2025,10239.44,1162.8,,VEND-15
FAC-20250511,CLI-1022,Sierra,21/06/2025,10004.36,1853.98,Pendiente,VEND-15
FAC-20250512,CLI-1031,Insular,26/03/2025,9436.97,1692.13,Vencido,VEND-15
FAC-20250513,CLI-1027,Sierra,02/01/2025,5041.61,1013.74,,VEND-14
FAC-20250514,CLI-1023,Sierra,23/06/2025,11128.11,1765.86,Vencido,VEND-14
FAC-20250515,CLI-1031,Costa,14/02/2025,9860.5,1259.23,Pendiente,VEND-13
FAC-20250516,CLI-1016,Costa,20/01/2025,13435.53,2517.5,,VEND-13
FAC-20250517,CLI-1002,Oriente,20/05/2025,13462.8,2573.61,Pendiente,VEND-15
FAC-20250518,CLI-1025,Sierra,31/05/2025,11131.79,1769.95,Pagado,VEND-16
FAC-20250519,CLI-1023,Costa,19/06/2025,3963.77,978.71,Pendiente,VEND-12
FAC-20250520,CLI-1028,Sierra,15/02/2025,8712.18,1988.76,Pendiente,VEND-17
FAC-20250521,CLI-1022,Costa,26/02/2025,11541.35,1441.98,Pendiente,VEND-10
FAC-20250522,CLI-1042,Sierra,13/05/2025,13662.03,2183.8,,VEND-10
FAC-20250523,CLI-1002,Oriente,27/01/2025,10704.18,2366.05,Vencido,VEND-12
FAC-20250524,CLI-1024,Insular,04/04/2025,9021.34,841.08,Vencido,VEND-16
FAC-20250525,CLI-1014,Insular,01/04/2025,12349.93,2652.17,Pagado,VEND-12
FAC-20250526,CLI-1028,Sierra,28/02/2025,1617.78,187.59,Pendiente,VEND-12
FAC-20250527,CLI-1023,Costa,19/06/2025,3840.02,777.39,,VEND-17
FAC-20250528,CLI-1030,Sierra,01/06/2025,2838.07,237.88,Pagado,VEND-12
FAC-20250529,CLI-1036,Sierra,04/02/2025,-1230.08,110.1,Vencido,VEND-12
FAC-20250530,CLI-1033,Insular,03/06/2025,14554.03,3337.92,Vencido,VEND-11
FAC-20250531,CLI-1013,Insular,05/06/2025,14895.25,1623.53,,VEND-12
FAC-20250532,CLI-1037,Sierra,09/06/2025,10064.91,2044.3,Vencido,VEND-17
FAC-20250533,CLI-1038,Costa,28/02/2025,5984.06,495.57,,VEND-12
FAC-20250534,CLI-1038,Costa,15/02/2025,7400.1,641.12,Pagado,VEND-11
FAC-20250535,CLI-1030,Sierra,04/06/2025,-1887.92,368.81,,VEND-16
FAC-20250536,CLI-1023,Costa,16/05/2025,6719.87,1088.36,,VEND-15
FAC-20250537,CLI-1037,Costa,19/04/2025,2441.31,291.8,Pagado,VEND-14
FAC-20250538,cliente_1038,Insular,07/03/2025,3240.8,694.19,Pagado,VEND-10
FAC-20250539,CLI-1024,Sierra,22/03/2025,6428.25,979.87,Vencido,VEND-14
FAC-20250540,CLI-1034,Insular,25/05/2025,5801.84,1135.44,Pendiente,VEND-16
FAC-20250541,CLI-1035,Insular,15/02/2025,5868.09,722.61,Vencido,VEND-15
FAC-20250542,CLI-1049,Insular,05/02/2025,12897.48,2671.43,,VEND-12
FAC-20250543,CLI-1006,Sierra,11/05/2025,6308.13,1095.08,Pagado,VEND-12
FAC-20250544,CLI-1024,Costa,24/01/2025,12437.2,2264.09,Pagado,VEND-11
FAC-20250545,CLI-1016,Sierra,05/04/2025,-891.79,220.59,Vencido,VEND-10
FAC-20250546,CLI-1049,Sierra,13/06/2025,-1731.02,412.38,Vencido,VEND-13
FAC-20250547,cliente_1002,Sierra,07/06/2025,-630.66,50.48,Pendiente,VEND-11
FAC-20250548,CLI-1017,Insular,01/04/2025,10210.1,1164.49,Pagado,VEND-11
FAC-20250549,CLI-1005,Oriente,24/05/2025,13767.63,3355.98,Vencido,VEND-13
FAC-20250550,CLI-1038,Sierra,27/04/2025,13980.85,1739.05,,VEND-11
FAC-20250551,CLI-1035,Costa,09/05/2025,4766.65,1031.98,Vencido,VEND-14
FAC-20250552,CLI-1044,Insular,07/04/2025,8665.94,1809.19,,VEND-17
FAC-20250553,CLI-1037,Costa,04/05/2025,2185.89,410.34,Pendiente,VEND-13
FAC-20250554,CLI-1020,Insular,01/04/2025,-1697.92,207.49,Pagado,VEND-16
FAC-20250555,CLI-1043,Oriente,20/01/2025,8541.0,1139.01,Pendiente,VEND-14
FAC-20250556,cliente_1011,Sierra,08/05/2025,11188.13,1355.44,Vencido,VEND-13
FAC-20250557,CLI-1014,Sierra,05/03/2025,12626.85,2682.19,Pagado,VEND-11
FAC-20250558,CLI-1043,Insular,07/06/2025,596.04,144.75,,VEND-15
FAC-20250559,CLI-1039,Oriente,07/05/2025,13522.76,2402.57,Vencido,VEND-17
FAC-20250560,CLI-1011,Oriente,12/04/2025,3720.35,331.87,,VEND-17
FAC-20250561,CLI-1034,Costa,09/05/2025,5535.69,1173.03,,VEND-11
FAC-20250562,CLI-1044,Insular,22/03/2025,-579.35,103.57,Vencido,VEND-15
FAC-20250563,CLI-1039,Oriente,17/02/2025,8454.17,1353.76,Vencido,VEND-15
FAC-20250564,CLI-1011,Insular,19/04/2025,3552.72,509.08,,VEND-14
FAC-20250565,CLI-1028,Sierra,27/05/2025,2401.52,285.44,Pagado,VEND-14
FAC-20250566,CLI-1015,Insular,08/04/2025,3342.92,687.14,,VEND-10
FAC-20250567,CLI-1011,Insular,08/05/2025,2449.84,458.64,Vencido,VEND-17
FAC-20250568,CLI-1019,Oriente,24/05/2025,-378.15,40.75,Pendiente,VEND-14
FAC-20250569,CLI-1030,Costa,26/04/2025,11296.6,1595.67,Vencido,VEND-15
FAC-20250570,CLI-1001,Insular,01/02/2025,5590.81,1022.83,Pendiente,VEND-14
FAC-20250571,C-1022,Oriente,22/06/2025,7901.45,1232.45,Pagado,VEND-16
FAC-20250572,CLI-1039,Oriente,29/04/2025,9659.83,1047.97,Vencido,VEND-16
FAC-20250573,CLI-1040,Insular,19/01/2025,1647.12,219.55,Vencido,VEND-14
FAC-20250574,CLI-1038,Insular,11/03/2025,13371.53,3203.7,,VEND-16
FAC-20250575,CLI-1010,Sierra,06/01/2025,2313.08,284.0,Pagado,VEND-13
FAC-20250576,CLI-1010,Insular,27/01/2025,1885.53,302.52,Pagado,VEND-10
FAC-20250577,CLI-1049,Insular,15/05/2025,11592.45,1444.62,Pendiente,VEND-11
FAC-20250578,CLI-1041,Insular,21/03/2025,3825.66,594.27,Pendiente,VEND-12
FAC-20250579,CLI-1033,Sierra,08/01/2025,1009.75,237.89,,VEND-17
FAC-20250580,CLI-1034,Oriente,21/05/2025,6950.25,1380.29,Pendiente,VEND-17
FAC-20250581,CLI-1040,Insular,15/05/2025,9776.9,2292.85,,VEND-13
FAC-20250582,CLI-1005,Insular,20/03/2025,5803.86,763.83,Pagado,VEND-12
FAC-20250583,CLI-1022,Oriente,01/05/2025,8258.93,1351.4,,VEND-14
FAC-20250584,CLI-1000,Insular,16/03/2025,9156.55,1585.88,Pendiente,VEND-16
FAC-20250585,CLI-1035,Insular,12/04/2025,4123.49,782.71,,VEND-13
FAC-20250586,CLI-1016,Costa,19/04/2025,9567.18,2066.44,Vencido,VEND-14
FAC-20250587,CLI-1041,Oriente,16/04/2025,3226.01,333.01,Pagado,VEND-17
FAC-20250588,CLI-1039,Insular,11/03/2025,10656.85,1433.45,Pendiente,VEND-10
FAC-20250589,CLI-1034,Costa,17/02/2025,14598.82,1478.23,,VEND-10
FAC-20250590,CLI-1014,Costa,08/02/2025,713.51,108.05,,VEND-15
FAC-20250591,CLI-1029,Costa,26/03/2025,1663.23,174.36,Vencido,VEND-16
FAC-20250592,CLI-1004,Insular,16/02/2025,3286.79,719.59,Pagado,VEND-11
FAC-20250593,CLI-1049,Sierra,09/04/2025,11682.77,2399.59,Pagado,VEND-13
FAC-20250594,CLI-1029,Costa,14/05/2025,10157.11,1484.47,Vencido,VEND-15
FAC-20250595,CLI-1010,Costa,21/05/2025,8053.43,1518.46,Pendiente,VEND-15
FAC-20250596,CLI-1003,Sierra,29/01/2025,3921.5,323.76,Vencido,VEND-11
FAC-20250597,cliente_1025,Sierra,03/01/2025,14548.11,2872.2,Pendiente,VEND-15
FAC-20250598,CLI-1049,Costa,05/03/2025,2786.63,516.0,Pagado,VEND-10
FAC-20250599,CLI-1022,Sierra,18/05/2025,11976.26,1431.82,Vencido,VEND-17
FAC-20250600,CLI-1046,Sierra,06/01/2025,10494.12,1079.89,Pagado,VEND-17
FAC-20250601,CLI-1045,Insular,24/05/2025,4773.36,535.87,Pendiente,VEND-15
FAC-20250602,CLI-1020,Insular,12/03/2025,13081.1,2960.19,Pendiente,VEND-11
FAC-20250603,CLI-1033,Sierra,26/04/2025,4787.25,681.75,Pagado,VEND-16
FAC-20250604,CLI-1046,Sierra,05/01/2025,9486.15,1759.05,Vencido,VEND-11
FAC-20250605,CLI-1042,Insular,18/02/2025,8099.01,1407.2,Vencido,VEND-15
FAC-20250606,C-1026,Oriente,29/01/2025,1895.72,165.77,Pendiente,VEND-12
FAC-20250607,CLI-1002,Sierra,28/01/2025,7537.87,1334.75,,VEND-17
FAC-20250608,CLI-1033,Oriente,13/01/2025,5812.13,535.0,Pendiente,VEND-17
FAC-20250609,CLI-1005,Insular,13/06/2025,1380.15,330.55,,VEND-15
FAC-20250610,CLI-1045,Costa,07/06/2025,-326.7,43.01,Pendiente,VEND-11
FAC-20250611,CLI-1006,Sierra,17/05/2025,6087.3,1166.75,Pendiente,VEND-16
FAC-20250612,CLI-1047,Costa,13/06/2025,8860.17,1767.02,,VEND-11
FAC-20250613,CLI-1010,Sierra,21/05/2025,6322.58,675.82,,VEND-15
FAC-20250614,CLI-1020,Oriente,06/04/2025,6478.98,1428.27,Vencido,VEND-13
FAC-20250615,CLI-1036,Sierra,07/04/2025,11602.77,1429.41,,VEND-17
FAC-20250616,CLI-1025,Costa,09/01/2025,14752.87,2478.39,Vencido,VEND-10
FAC-20250617,CLI-1019,Sierra,24/02/2025,-1679.49,331.28,Vencido,VEND-12
FAC-20250618,CLI-1006,Costa,28/04/2025,5657.01,805.58,Pendiente,VEND-13
FAC-20250619,CLI-1016,Oriente,24/01/2025,8772.06,1026.02,Pagado,VEND-15
FAC-20250620,CLI-1030,Sierra,05/05/2025,12472.73,2219.64,Pagado,VEND-14
FAC-20250621,C-1002,Insular,21/01/2025,11811.77,1616.4,,VEND-16
FAC-20250622,CLI-1007,Sierra,17/06/2025,12817.43,2406.61,,VEND-10
FAC-20250623,CLI-1019,Costa,23/03/2025,8328.98,1377.68,Pendiente,VEND-12
FAC-20250624,CLI-1003,Insular,25/04/2025,11416.18,1088.12,,VEND-14
FAC-20250625,CLI-1025,Sierra,03/02/2025,5374.44,1110.92,,VEND-14
FAC-20250626,CLI-1005,Insular,09/05/2025,6800.12,1424.94,,VEND-13
FAC-20250627,CLI-1031,Insular,16/06/2025,8784.29,2191.71,Pendiente,VEND-13
FAC-20250628,CLI-1004,Oriente,21/04/2025,5189.47,494.2,,VEND-16
FAC-20250629,CLI-1023,Oriente,18/02/2025,5150.71,433.25,Vencido,VEND-12
FAC-20250630,CLI-1022,Insular,09/06/2025,-1672.71,190.6,Vencido,VEND-12
FAC-20250631,CLI-1048,Costa,29/01/2025,11223.93,2082.83,Pendiente,VEND-14
FAC-20250632,CLI-1000,Oriente,29/01/2025,4924.21,671.76,Pendiente,VEND-13
FAC-20250633,CLI-1034,Oriente,21/05/2025,7503.88,780.62,Pagado,VEND-16
FAC-20250634,CLI-1037,Costa,07/03/2025,2969.63,635.98,Vencido,VEND-10
FAC-20250635,CLI-1029,Costa,18/01/2025,6135.35,1379.56,Vencido,VEND-11
FAC-20250636,CLI-1001,Oriente,16/06/2025,6104.59,1016.12,Pagado,VEND-15
FAC-20250637,CLI-1031,Costa,17/02/2025,3383.69,593.22,Pagado,VEND-10
FAC-20250638,CLI-1015,Oriente,27/03/2025,7604.03,632.07,Vencido,VEND-15
FAC-20250639,CLI-1040,Oriente,02/03/2025,14941.92,1896.12,Pagado,VEND-14
FAC-20250640,CLI-1024,Costa,23/05/2025,14262.19,1969.66,,VEND-12
FAC-20250641,CLI-1005,Insular,14/05/2025,14428.78,2688.65,Pendiente,VEND-16
FAC-20250642,CLI-1015,Sierra,20/04/2025,14572.79,1981.58,Pendiente,VEND-13
FAC-20250643,CLI-1041,Sierra,29/05/2025,8349.63,1892.36,Vencido,VEND-12
FAC-20250644,CLI-1027,Sierra,17/06/2025,14028.93,1879.52,Pagado,VEND-12
FAC-20250645,CLI-1020,Sierra,08/01/2025,11598.81,1744.31,,VEND-14
FAC-20250646,CLI-1028,Oriente,08/02/2025,11797.06,1314.27,Vencido,VEND-13
FAC-20250647,CLI-1038,Sierra,01/03/2025,10466.98,2061.83,,VEND-12
FAC-20250648,CLI-1032,Insular,16/06/2025,5922.41,968.58,Pendiente,VEND-12
FAC-20250649,CLI-1012,Sierra,09/01/2025,6424.54,1524.7,,VEND-13
FAC-20250650,CLI-1047,Sierra,22/02/2025,1458.98,361.18,,VEND-15
FAC-20250651,CLI-1029,Sierra,20/04/2025,-1523.6,220.41,Vencido,VEND-16
FAC-20250652,CLI-1039,Costa,14/05/2025,2085.09,477.95,Pendiente,VEND-16
FAC-20250653,CLI-1047,Costa,23/05/2025,6117.27,1490.42,Pendiente,VEND-14
FAC-20250654,CLI-1028,Insular,19/03/2025,11718.32,1269.13,Vencido,VEND-10
FAC-20250655,CLI-1044,Sierra,29/04/2025,12533.46,2542.41,Pagado,VEND-12
FAC-20250656,CLI-1049,Sierra,11/04/2025,6496.61,717.29,Pendiente,VEND-17
FAC-20250657,CLI-1005,Oriente,24/03/2025,10529.9,2268.17,Pagado,VEND-11
FAC-20250658,CLI-1007,Insular,12/06/2025,5762.68,837.29,Pendiente,VEND-16
FAC-20250659,CLI-1035,Insular,12/01/2025,11639.77,2050.15,Pendiente,VEND-12
FAC-20250660,CLI-1009,Sierra,14/01/2025,6583.93,1387.02,,VEND-14
FAC-20250661,CLI-1040,Sierra,31/01/2025,13528.86,1090.43,Vencido,VEND-10
FAC-20250662,cliente_1029,Insular,08/05/2025,-1788.87,215.45,,VEND-17
FAC-20250663,CLI-1026,Insular,21/01/2025,-1787.9,227.56,Pendiente,VEND-10
FAC-20250664,CLI-1011,Sierra,15/01/2025,-1736.89,335.9,Vencido,VEND-15
FAC-20250665,CLI-1005,Costa,28/01/2025,6545.88,1271.57,Pendiente,VEND-17
FAC-20250666,CLI-1047,Oriente,10/01/2025,1850.33,263.96,,VEND-11
FAC-20250667,CLI-1048,Insular,21/05/2025,1441.43,145.22,Vencido,VEND-15
FAC-20250668,CLI-1033,Insular,15/05/2025,3542.76,318.46,Pagado,VEND-17
FAC-20250669,CLI-1046,Oriente,20/04/2025,9328.25,1579.43,Vencido,VEND-12
FAC-20250670,CLI-1039,Insular,14/05/2025,11073.18,2406.83,Pendiente,VEND-14
FAC-20250671,CLI-1012,Costa,31/01/2025,847.81,84.82,Pendiente,VEND-16
FAC-20250672,CLI-1026,Costa,27/03/2025,5569.93,646.65,Pendiente,VEND-14
FAC-20250673,CLI-1016,Costa,20/03/2025,4854.12,1021.29,Pagado,VEND-15
FAC-20250674,CLI-1021,Insular,26/05/2025,-516.13,70.29,Vencido,VEND-17
FAC-20250675,CLI-1030,Costa,15/06/2025,2468.43,390.76,Vencido,VEND-17
FAC-20250676,CLI-1026,Costa,14/05/2025,4840.48,646.86,Pagado,VEND-13
FAC-20250677,CLI-1036,Oriente,01/04/2025,1460.09,325.49,Vencido,VEND-16
FAC-20250678,CLI-1040,Sierra,27/05/2025,9282.49,926.98,Vencido,VEND-15
FAC-20250679,CLI-1045,Costa,11/03/2025,6501.11,782.73,,VEND-14
FAC-20250680,CLI-1013,Oriente,14/02/2025,2127.35,451.48,Pagado,VEND-17
FAC-20250681,CLI-1032,Costa,04/05/2025,13621.86,1877.36,,VEND-14
FAC-20250682,CLI-1049,Oriente,06/02/2025,11657.48,2879.24,Pendiente,VEND-13
FAC-20250683,CLI-1046,Costa,28/04/2025,6120.03,610.12,Vencido,VEND-10
FAC-20250684,CLI-1043,Costa,27/03/2025,-1137.04,218.34,Vencido,VEND-10
FAC-20250685,CLI-1036,Oriente,13/06/2025,13435.97,1514.67,Vencido,VEND-15
FAC-20250686,CLI-1049,Insular,21/06/2025,2205.94,279.09,Pagado,VEND-11
FAC-20250687,CLI-1013,Oriente,21/05/2025,5118.03,1022.28,Vencido,VEND-13
FAC-20250688,CLI-1010,Costa,21/03/2025,9392.31,1459.75,Pendiente,VEND-10
FAC-20250689,CLI-1030,Costa,28/01/2025,6062.19,888.87,,VEND-15
FAC-20250690,CLI-1019,Oriente,20/02/2025,10837.03,1849.8,,VEND-12
FAC-20250691,CLI-1005,Insular,25/01/2025,7105.97,1426.43,,VEND-17
FAC-20250692,CLI-1014,Sierra,06/02/2025,12985.9,3054.11,,VEND-12
FAC-20250693,CLI-1044,Oriente,25/03/2025,-1055.6,147.51,,VEND-12
FAC-20250694,CLI-1018,Oriente,04/06/2025,8832.83,1315.8,Pagado,VEND-15
FAC-20250695,CLI-1035,Costa,19/03/2025,8224.81,1236.07,Pendiente,VEND-12
FAC-20250696,CLI-1030,Insular,17/01/2025,5440.36,981.79,,VEND-15
FAC-20250697,cliente_1034,Sierra,14/02/2025,10107.88,2408.17,,VEND-11
FAC-20250698,CLI-1037,Insular,25/03/2025,8548.77,939.93,,VEND-11
FAC-20250699,CLI-1038,Costa,25/06/2025,12303.97,1776.88,,VEND-10
FAC-20250700,CLI-1005,Sierra,05/02/2025,13365.29,2514.58,Pagado,VEND-12
FAC-20250701,cliente_1042,Sierra,26/04/2025,8203.21,1462.21,Pendiente,VEND-13
FAC-20250702,CLI-1043,Oriente,18/03/2025,8769.01,1155.52,,VEND-15
FAC-20250703,CLI-1005,Costa,06/06/2025,14803.11,1505.25,Vencido,VEND-10
FAC-20250704,CLI-1023,Costa,01/01/2025,10698.63,1509.27,Vencido,VEND-10
FAC-20250705,CLI-1015,Insular,01/06/2025,6216.89,901.91,,VEND-16
FAC-20250706,CLI-1034,Sierra,19/06/2025,3014.45,525.79,Vencido,VEND-16
FAC-20250707,CLI-1009,Oriente,21/06/2025,-1367.1,142.83,,VEND-16
FAC-20250708,CLI-1008,Costa,05/02/2025,9812.52,1545.72,,VEND-12
FAC-20250709,CLI-1029,Insular,22/05/2025,12391.04,1466.8,,VEND-10
FAC-20250710,CLI-1036,Insular,02/03/2025,10825.88,2571.32,Vencido,VEND-10
FAC-20250711,CLI-1002,Insular,05/04/2025,2140.88,422.58,Pendiente,VEND-14
FAC-20250712,CLI-1029,Costa,14/05/2025,13403.77,2148.85,Pagado,VEND-14
FAC-20250713,CLI-1039,Costa,29/03/2025,-1017.26,238.07,Vencido,VEND-16
FAC-20250714,CLI-1022,Oriente,16/03/2025,2928.87,531.88,Vencido,VEND-14
FAC-20250715,CLI-1003,Insular,29/05/2025,2951.65,733.08,Pagado,VEND-14
FAC-20250716,CLI-1031,Costa,02/02/2025,7831.14,996.39,Pendiente,VEND-14
FAC-20250717,CLI-1017,Oriente,04/01/2025,11250.72,2640.8,Pendiente,VEND-17
FAC-20250718,CLI-1023,Sierra,08/03/2025,11846.65,1311.87,Pagado,VEND-15
FAC-20250719,CLI-1005,Sierra,02/06/2025,14042.16,2307.28,,VEND-16
FAC-20250720,CLI-1015,Insular,13/06/2025,2925.61,652.74,Pagado,VEND-14
FAC-20250721,CLI-1048,Costa,14/01/2025,2930.21,384.54,Pendiente,VEND-16
FAC-20250722,CLI-1043,Insular,02/05/2025,4308.06,663.03,Vencido,VEND-17
FAC-20250723,CLI-1024,Oriente,16/05/2025,-1851.88,348.82,,VEND-14
FAC-20250724,CLI-1021,Oriente,10/03/2025,12133.59,2175.67,,VEND-13
FAC-20250725,CLI-1046,Sierra,14/05/2025,5392.4,596.32,Pagado,VEND-10
FAC-20250726,CLI-1004,Costa,16/04/2025,1916.63,298.63,Pendiente,VEND-14
FAC-20250727,CLI-1016,Sierra,09/01/2025,843.66,202.1,Pendiente,VEND-11
FAC-20250728,CLI-1045,Costa,23/01/2025,12918.39,2475.0,Pendiente,VEND-11
FAC-20250729,CLI-1044,Sierra,06/03/2025,4771.24,443.11,,VEND-14
FAC-20250730,CLI-1049,Insular,20/06/2025,11663.27,1254.2,Pagado,VEND-14
FAC-20250731,CLI-1049,Costa,08/04/2025,6134.56,760.08,Vencido,VEND-12
FAC-20250732,CLI-1028,Costa,06/05/2025,14701.62,2157.43,,VEND-11
FAC-20250733,CLI-1009,Insular,25/02/2025,9402.51,1458.04,Vencido,VEND-11
FAC-20250734,CLI-1002,Costa,19/01/2025,8784.5,1368.62,,VEND-12
FAC-20250735,CLI-1041,Costa,10/01/2025,10136.78,2017.31,,VEND-10
FAC-20250736,CLI-1032,Insular,03/05/2025,6822.84,1451.62,Pagado,VEND-13
FAC-20250737,CLI-1000,Insular,04/05/2025,2257.45,561.14,Vencido,VEND-14
FAC-20250738,CLI-1025,Costa,11/06/2025,14956.73,2125.51,Vencido,VEND-11
FAC-20250739,CLI-1029,Oriente,15/06/2025,3445.25,842.29,Pendiente,VEND-14
FAC-20250740,cliente_1044,Insular,28/01/2025,9643.95,910.65,,VEND-13
FAC-20250741,CLI-1008,Costa,19/02/2025,867.79,104.61,,VEND-11
FAC-20250742,CLI-1034,Oriente,08/05/2025,8242.13,1288.92,Pagado,VEND-10
FAC-20250743,cliente_1021,Costa,28/03/2025,-412.74,89.65,,VEND-12
FAC-20250744,C-1047,Sierra,19/01/2025,1034.73,197.79,,VEND-10
FAC-20250745,CLI-1015,Sierra,04/01/2025,-753.21,161.89,,VEND-12
FAC-20250746,CLI-1037,Costa,28/01/2025,2155.61,398.05,Pagado,VEND-13
FAC-20250747,CLI-1027,Oriente,23/06/2025,6329.12,1242.37,Pendiente,VEND-15
FAC-20250748,CLI-1013,Costa,01/06/2025,3014.99,381.58,,VEND-12
FAC-20250749,CLI-1044,Oriente,22/05/2025,2892.59,517.59,Pendiente,VEND-11
FAC-20250750,CLI-1040,Insular,10/02/2025,726.64,58.92,Pendiente,VEND-11
FAC-20250751,CLI-1045,Oriente,17/04/2025,10555.8,1698.66,Pendiente,VEND-13
FAC-20250752,CLI-1009,Oriente,14/05/2025,7031.08,771.12,Pagado,VEND-12
FAC-20250753,CLI-1045,Insular,06/06/2025,14279.32,3042.05,Vencido,VEND-16
FAC-20250754,CLI-1000,Sierra,19/02/2025,2203.86,212.16,Vencido,VEND-13
FAC-20250755,CLI-1029,Sierra,12/03/2025,1269.5,133.76,,VEND-17
FAC-20250756,CLI-1011,Sierra,21/06/2025,13878.76,1969.57,Pendiente,VEND-16
FAC-20250757,CLI-1016,Oriente,07/06/2025,12174.73,1063.63,Pagado,VEND-12
FAC-20250758,CLI-1010,Costa,05/05/2025,7966.1,955.94,,VEND-15
FAC-20250759,CLI-1026,Sierra,23/06/2025,13526.4,1335.36,Pendiente,VEND-11
FAC-20250760,CLI-1015,Insular,21/02/2025,5945.22,951.64,,VEND-10
FAC-20250761,CLI-1027,Sierra,25/02/2025,13954.36,2035.19,Pendiente,VEND-17
FAC-20250762,CLI-1046,Sierra,11/06/2025,5699.56,781.42,Pagado,VEND-10
FAC-20250763,CLI-1017,Sierra,29/01/2025,12848.94,1401.87,Vencido,VEND-13
FAC-20250764,C-1018,Sierra,13/06/2025,14315.02,2552.09,Pendiente,VEND-11
FAC-20250765,CLI-1026,Insular,25/02/2025,9077.92,1157.06,,VEND-13
FAC-20250766,CLI-1015,Oriente,22/04/2025,8902.27,1607.76,Pendiente,VEND-10
FAC-20250767,CLI-1026,Costa,11/01/2025,14873.47,2464.78,,VEND-16
FAC-20250768,CLI-1030,Costa,26/04/2025,7681.63,1597.96,,VEND-13
FAC-20250769,CLI-1008,Oriente,17/03/2025,3966.4,328.05,Vencido,VEND-12
FAC-20250770,CLI-1045,Insular,27/05/2025,-1018.71,215.16,,VEND-12
FAC-20250771,CLI-1023,Insular,12/06/2025,519.77,75.59,Vencido,VEND-10
FAC-20250772,cliente_1018,Insular,11/03/2025,10621.8,1888.44,Pendiente,VEND-11
FAC-20250773,CLI-1039,Oriente,15/01/2025,7963.68,1129.87,Pagado,VEND-11
FAC-20250774,CLI-1024,Oriente,30/04/2025,9477.44,1040.58,Pagado,VEND-13
FAC-20250775,CLI-1008,Oriente,03/03/2025,8324.69,1709.51,Pendiente,VEND-13
FAC-20250776,CLI-1020,Oriente,10/03/2025,7801.71,696.37,Vencido,VEND-15
FAC-20250777,CLI-1028,Insular,09/05/2025,8136.9,1632.83,Vencido,VEND-17
FAC-20250778,CLI-1039,Oriente,22/06/2025,14207.8,3409.15,Pagado,VEND-13
FAC-20250779,CLI-1029,Costa,21/01/2025,6164.9,1497.48,Pagado,VEND-11
FAC-20250780,CLI-1010,Oriente,29/01/2025,10607.69,2426.5,Pagado,VEND-14
FAC-20250781,CLI-1026,Sierra,02/05/2025,5527.15,1047.93,Vencido,VEND-13
FAC-20250782,CLI-1004,Costa,01/03/2025,12606.74,1728.37,Vencido,VEND-15
FAC-20250783,CLI-1031,Insular,28/04/2025,4909.19,1051.5,Pendiente,VEND-14
FAC-20250784,CLI-1014,Insular,06/04/2025,14575.5,1283.29,Vencido,VEND-14
FAC-20250785,CLI-1029,Sierra,08/06/2025,13899.91,1786.03,Pendiente,VEND-12
FAC-20250786,CLI-1010,Sierra,30/01/2025,1096.7,111.32,Vencido,VEND-15
FAC-20250787,CLI-1011,Sierra,24/05/2025,10753.45,2648.19,Pendiente,VEND-15
FAC-20250788,CLI-1028,Sierra,17/05/2025,4872.62,724.93,,VEND-12
FAC-20250789,CLI-1029,Oriente,09/02/2025,562.27,138.24,Vencido,VEND-14
FAC-20250790,CLI-1030,Oriente,27/05/2025,10169.87,2073.15,,VEND-15
FAC-20250791,CLI-1044,Costa,03/05/2025,13552.53,2353.58,Vencido,VEND-10
FAC-20250792,CLI-1025,Sierra,25/04/2025,5682.21,1042.04,Pendiente,VEND-13
FAC-20250793,CLI-1049,Oriente,20/02/2025,826.96,128.78,Pagado,VEND-16
FAC-20250794,CLI-1012,Insular,23/03/2025,9245.99,827.78,Vencido,VEND-16
FAC-20250795,CLI-1009,Insular,05/04/2025,-820.86,108.66,,VEND-11
FAC-20250796,CLI-1013,Insular,17/04/2025,12153.44,2636.86,,VEND-16
FAC-20250797,CLI-1008,Costa,06/02/2025,3512.86,799.1,Vencido,VEND-11
FAC-20250798,CLI-1037,Insular,23/01/2025,595.97,75.37,Pendiente,VEND-17
FAC-20250799,CLI-1045,Sierra,21/02/2025,3197.09,556.8,Pagado,VEND-14
FAC-20250800,CLI-1037,Oriente,07/05/2025,8609.58,728.05,Pagado,VEND-12
FAC-20250801,CLI-1016,Oriente,13/06/2025,12596.52,2407.8,Vencido,VEND-16
FAC-20250802,CLI-1011,Insular,15/06/2025,4048.88,514.72,Pagado,VEND-15
FAC-20250803,CLI-1037,Insular,25/05/2025,6822.99,1341.44,Pagado,VEND-15
FAC-20250804,CLI-1032,Costa,08/03/2025,2861.28,384.4,Pendiente,VEND-15
FAC-20250805,CLI-1010,Costa,11/03/2025,5736.87,1390.48,Pagado,VEND-14
FAC-20250806,cliente_1018,Costa,12/05/2025,3310.32,695.16,Pendiente,VEND-15
FAC-20250807,CLI-1020,Oriente,11/03/2025,10438.93,1005.18,Vencido,VEND-12
FAC-20250808,CLI-1000,Sierra,13/05/2025,4580.56,687.26,Pendiente,VEND-11
FAC-20250809,CLI-1013,Sierra,09/05/2025,3706.15,861.68,Pagado,VEND-16
FAC-20250810,CLI-1029,Costa,30/01/2025,12373.25,1998.5,Vencido,VEND-15
FAC-20250811,CLI-1008,Insular,02/06/2025,8085.26,883.52,Vencido,VEND-10
FAC-20250812,CLI-1047,Costa,26/02/2025,2366.36,466.1,Vencido,VEND-12
FAC-20250813,CLI-1013,Sierra,21/01/2025,6659.67,659.26,Pagado,VEND-17
FAC-20250814,CLI-1048,Insular,11/01/2025,-1387.62,250.94,,VEND-11
FAC-20250815,CLI-1016,Costa,17/01/2025,-373.71,37.76,Pendiente,VEND-13
FAC-20250816,CLI-1011,Oriente,08/01/2025,1816.3,436.12,Vencido,VEND-15
FAC-20250817,CLI-1010,Sierra,10/05/2025,8768.41,1563.26,Pagado,VEND-13
FAC-20250818,cliente_1045,Sierra,14/03/2025,2990.72,241.46,Pagado,VEND-13
FAC-20250819,CLI-1032,Insular,04/04/2025,10622.93,2066.15,Pagado,VEND-12
FAC-20250820,CLI-1022,Insular,19/04/2025,3606.97,357.75,Vencido,VEND-11
FAC-20250821,CLI-1029,Costa,14/05/2025,2470.73,493.66,Pagado,VEND-11
FAC-20250822,CLI-1020,Insular,30/01/2025,6079.33,1247.17,,VEND-13
FAC-20250823,CLI-1035,Insular,16/03/2025,14781.95,3335.57,,VEND-15
FAC-20250824,CLI-1011,Costa,22/06/2025,7628.9,1178.44,Pagado,VEND-11
FAC-20250825,CLI-1009,Insular,13/04/2025,10578.04,2179.54,Pendiente,VEND-11
FAC-20250826,CLI-1023,Sierra,28/03/2025,3403.82,506.25,Pendiente,VEND-16
FAC-20250827,CLI-1046,Insular,13/03/2025,11589.85,2096.84,,VEND-15
FAC-20250828,CLI-1030,Insular,05/05/2025,7915.51,1245.01,Pagado,VEND-14
FAC-20250829,C-1031,Insular,01/03/2025,9611.38,931.66,Pagado,VEND-11
FAC-20250830,CLI-1031,Costa,15/02/2025,6048.18,640.9,Pagado,VEND-11
FAC-20250831,CLI-1042,Insular,30/04/2025,3428.01,559.94,Vencido,VEND-15
FAC-20250832,CLI-1034,Costa,09/01/2025,14865.32,1490.29,,VEND-15
FAC-20250833,CLI-1024,Insular,28/04/2025,1021.73,196.27,Vencido,VEND-12
FAC-20250834,CLI-1031,Insular,04/02/2025,5030.67,1055.85,,VEND-17
FAC-20250835,cliente_1030,Sierra,10/05/2025,1308.19,236.1,,VEND-15
FAC-20250836,CLI-1049,Oriente,24/03/2025,1390.65,141.56,Vencido,VEND-15
FAC-20250837,CLI-1047,Costa,10/06/2025,5448.22,755.53,Vencido,VEND-16
FAC-20250838,CLI-1022,Costa,19/06/2025,4041.32,537.73,Pagado,VEND-11
FAC-20250839,CLI-1019,Costa,28/03/2025,2961.8,255.76,,VEND-16
FAC-20250840,CLI-1017,Costa,01/05/2025,9025.84,1301.67,,VEND-15
FAC-20250841,CLI-1036,Costa,06/05/2025,1950.82,267.49,Vencido,VEND-12
FAC-20250842,C-1039,Oriente,04/04/2025,14556.7,2737.03,Pagado,VEND-13
FAC-20250843,CLI-1018,Oriente,13/01/2025,4811.14,1042.97,Pagado,VEND-11
FAC-20250844,CLI-1037,Oriente,11/03/2025,1475.41,237.24,Pendiente,VEND-15
FAC-20250845,CLI-1004,Oriente,10/05/2025,12159.84,2088.95,Pendiente,VEND-16
FAC-20250846,CLI-1025,Oriente,09/06/2025,7972.85,1379.99,Pagado,VEND-12
FAC-20250847,CLI-1036,Insular,24/02/2025,10081.69,2414.34,Vencido,VEND-16
FAC-20250848,CLI-1036,Costa,14/05/2025,3409.4,412.07,Vencido,VEND-16
FAC-20250849,CLI-1026,Oriente,17/01/2025,9691.95,1215.17,Vencido,VEND-12
FAC-20250850,CLI-1016,Sierra,14/04/2025,3958.01,335.28,Vencido,VEND-17
FAC-20250851,CLI-1031,Insular,19/04/2025,-486.85,50.24,Vencido,VEND-14
FAC-20250852,CLI-1042,Sierra,14/06/2025,12861.55,2091.2,Pagado,VEND-10
FAC-20250853,CLI-1005,Oriente,04/06/2025,4820.7,1168.37,Vencido,VEND-11
FAC-20250854,CLI-1025,Sierra,02/03/2025,2123.02,506.55,Vencido,VEND-17
FAC-20250855,CLI-1005,Sierra,03/06/2025,2273.01,309.08,,VEND-13
FAC-20250856,CLI-1027,Sierra,06/02/2025,2048.8,259.53,,VEND-14
FAC-20250857,CLI-1037,Costa,06/05/2025,8235.31,816.97,,VEND-17
FAC-20250858,CLI-1043,Sierra,13/03/2025,13251.79,1877.91,Vencido,VEND-14
FAC-20250859,CLI-1001,Costa,19/06/2025,12084.65,2851.59,Pendiente,VEND-14
FAC-20250860,cliente_1035,Insular,21/03/2025,9764.76,2280.43,Pagado,VEND-13
FAC-20250861,CLI-1028,Insular,03/01/2025,13691.94,3371.76,Vencido,VEND-14
FAC-20250862,CLI-1005,Sierra,18/03/2025,3550.6,836.88,Vencido,VEND-16
FAC-20250863,CLI-1002,Oriente,21/01/2025,12436.37,1990.88,,VEND-15
FAC-20250864,CLI-1045,Insular,26/01/2025,12453.81,2068.29,Vencido,VEND-16
FAC-20250865,CLI-1038,Oriente,27/04/2025,10580.55,2000.08,Pendiente,VEND-17
FAC-20250866,CLI-1041,Sierra,01/01/2025,6309.6,841.28,Pagado,VEND-11
FAC-20250867,CLI-1010,Sierra,13/05/2025,10846.68,2064.78,Pendiente,VEND-16
FAC-20250868,CLI-1020,Insular,03/05/2025,13165.83,1441.55,Vencido,VEND-14
FAC-20250869,CLI-1012,Costa,17/04/2025,5830.19,840.39,Pendiente,VEND-10
FAC-20250870,CLI-1001,Sierra,23/01/2025,14624.85,2913.48,Pendiente,VEND-10
FAC-20250871,CLI-1025,Insular,03/06/2025,4272.29,609.0,Pagado,VEND-10
FAC-20250872,CLI-1045,Insular,27/04/2025,12495.23,1476.46,Pendiente,VEND-13
FAC-20250873,CLI-1017,Oriente,07/05/2025,6040.07,695.35,Pendiente,VEND-14
FAC-20250874,CLI-1046,Sierra,18/04/2025,3115.36,264.47,Vencido,VEND-13
FAC-20250875,CLI-1039,Insular,05/03/2025,5859.75,925.18,Pagado,VEND-17
FAC-20250876,CLI-1008,Oriente,12/04/2025,10459.36,2096.44,Vencido,VEND-11
FAC-20250877,CLI-1006,Costa,14/01/2025,5326.51,1248.53,Pagado,VEND-10
FAC-20250878,CLI-1016,Insular,19/03/2025,14674.1,1503.81,Pagado,VEND-12
FAC-20250879,CLI-1016,Sierra,09/05/2025,7646.18,1220.13,Pagado,VEND-15
FAC-20250880,CLI-1045,Insular,06/02/2025,4275.89,1053.36,,VEND-14
FAC-20250881,CLI-1047,Oriente,21/04/2025,4602.42,847.76,Vencido,VEND-15
FAC-20250882,CLI-1027,Sierra,22/03/2025,11184.6,2701.18,,VEND-10
FAC-20250883,CLI-1012,Sierra,14/01/2025,-668.4,133.69,,VEND-11
FAC-20250884,CLI-1031,Costa,24/04/2025,5669.54,921.21,,VEND-11
FAC-20250885,CLI-1046,Sierra,01/02/2025,5569.26,714.53,Pendiente,VEND-14
FAC-20250886,CLI-1036,Sierra,30/05/2025,-1580.33,174.94,Pagado,VEND-13
FAC-20250887,C-1049,Insular,23/06/2025,1867.43,239.64,Pagado,VEND-16
FAC-20250888,CLI-1023,Costa,24/03/2025,2729.74,603.87,,VEND-17
FAC-20250889,CLI-1040,Oriente,02/06/2025,10041.09,878.13,,VEND-15
FAC-20250890,CLI-1046,Sierra,24/02/2025,13017.54,1667.58,Pagado,VEND-11
FAC-20250891,CLI-1035,Insular,24/01/2025,6283.45,1533.53,,VEND-11
FAC-20250892,CLI-1001,Sierra,11/02/2025,6133.29,1165.44,Pendiente,VEND-11
FAC-20250893,CLI-1019,Insular,21/04/2025,11170.39,2609.79,Pendiente,VEND-15
FAC-20250894,CLI-1042,Costa,05/04/2025,7933.47,1828.83,,VEND-14
FAC-20250895,CLI-1036,Insular,24/01/2025,11469.11,2114.42,,VEND-16
FAC-20250896,CLI-1005,Costa,12/05/2025,5455.3,644.38,Pendiente,VEND-17
FAC-20250897,CLI-1033,Costa,16/03/2025,7289.18,1576.38,Vencido,VEND-12
FAC-20250898,CLI-1008,Oriente,05/03/2025,8084.83,712.39,Pagado,VEND-10
FAC-20250899,CLI-1032,Costa,11/05/2025,6661.25,1281.26,Vencido,VEND-15
FAC-20250900,CLI-1016,Costa,09/05/2025,735.9,116.78,Pendiente,VEND-16
FAC-20250901,CLI-1002,Costa,17/04/2025,13212.95,2376.02,,VEND-17
FAC-20250902,CLI-1039,Oriente,29/03/2025,14517.43,1623.38,Pendiente,VEND-11
FAC-20250903,CLI-1047,Oriente,22/06/2025,2041.79,165.37,Pagado,VEND-10
FAC-20250904,CLI-1010,Insular,28/04/2025,10531.19,2571.58,,VEND-14
FAC-20250905,CLI-1039,Oriente,22/06/2025,14465.55,3135.97,Pagado,VEND-12
FAC-20250906,CLI-1008,Costa,18/02/2025,-1946.94,440.07,Pendiente,VEND-17
FAC-20250907,CLI-1041,Sierra,16/06/2025,4005.81,904.88,Pendiente,VEND-11
FAC-20250908,CLI-1019,Insular,07/02/2025,-498.99,52.85,,VEND-17
FAC-20250909,CLI-1030,Costa,26/04/2025,8985.78,1588.71,,VEND-10
FAC-20250910,CLI-1021,Costa,27/01/2025,9640.94,2376.61,,VEND-14
FAC-20250911,CLI-1002,Insular,13/04/2025,7548.46,1388.57,,VEND-13
FAC-20250912,CLI-1045,Costa,16/05/2025,775.79,135.03,Vencido,VEND-16
FAC-20250913,CLI-1030,Costa,07/05/2025,9529.1,1488.59,,VEND-10
FAC-20250914,CLI-1010,Oriente,19/02/2025,7303.99,1214.64,Vencido,VEND-17
FAC-20250915,CLI-1008,Oriente,10/04/2025,14417.15,2803.1,Vencido,VEND-17
FAC-20250916,CLI-1010,Sierra,14/03/2025,10515.11,1704.41,Pendiente,VEND-13
FAC-20250917,CLI-1010,Insular,26/01/2025,12005.5,1968.1,Pendiente,VEND-13
FAC-20250918,CLI-1035,Costa,05/01/2025,5702.41,1112.41,Pendiente,VEND-10
FAC-20250919,CLI-1004,Oriente,21/04/2025,2152.55,377.85,,VEND-14
FAC-20250920,CLI-1021,Oriente,12/01/2025,11666.38,2710.96,Pagado,VEND-10
FAC-20250921,CLI-1028,Insular,29/01/2025,14632.57,2687.15,Pagado,VEND-10
FAC-20250922,CLI-1032,Costa,12/02/2025,9633.93,2262.7,Pendiente,VEND-14
FAC-20250923,CLI-1045,Insular,10/05/2025,7726.67,820.81,Vencido,VEND-15
FAC-20250924,CLI-1008,Costa,21/02/2025,6867.07,1447.14,Pendiente,VEND-17
FAC-20250925,CLI-1021,Oriente,10/05/2025,2983.3,601.39,,VEND-15
FAC-20250926,CLI-1040,Sierra,08/02/2025,11421.49,2442.22,Pendiente,VEND-16
FAC-20250927,CLI-1026,Insular,28/04/2025,14301.69,2802.76,Pagado,VEND-17
FAC-20250928,CLI-1009,Costa,13/05/2025,14182.82,1893.64,Pendiente,VEND-16
FAC-20250929,cliente_1003,Insular,10/01/2025,10072.55,2351.2,Pagado,VEND-14
FAC-20250930,CLI-1026,Insular,24/06/2025,10661.46,2160.69,Vencido,VEND-15
FAC-20250931,CLI-1000,Oriente,16/05/2025,9350.82,1390.18,Pendiente,VEND-17
FAC-20250932,CLI-1044,Oriente,16/06/2025,6365.33,835.52,Pagado,VEND-15
FAC-20250933,CLI-1024,Sierra,14/05/2025,14882.9,1425.47,Vencido,VEND-15
FAC-20250934,CLI-1048,Sierra,06/01/2025,904.42,163.45,Pendiente,VEND-14
FAC-20250935,C-1046,Insular,10/05/2025,2101.41,301.36,Vencido,VEND-11
FAC-20250936,CLI-1003,Costa,25/04/2025,4820.44,756.98,Pendiente,VEND-13
FAC-20250937,cliente_1022,Oriente,14/03/2025,10170.37,1803.92,Pendiente,VEND-16
FAC-20250938,CLI-1033,Sierra,27/01/2025,5253.78,1155.22,Vencido,VEND-17
FAC-20250939,CLI-1006,Sierra,19/04/2025,12512.35,1133.28,Pendiente,VEND-17
FAC-20250940,CLI-1013,Insular,20/01/2025,5854.77,1053.86,,VEND-14
FAC-20250941,cliente_1037,Insular,12/06/2025,6639.62,1582.06,,VEND-16
FAC-20250942,CLI-1010,Sierra,10/05/2025,2343.3,239.01,Pagado,VEND-13
FAC-20250943,CLI-1029,Insular,09/01/2025,11324.2,1616.94,Pagado,VEND-16
FAC-20250944,CLI-1007,Costa,05/04/2025,-475.95,68.13,Vencido,VEND-14
FAC-20250945,CLI-1018,Insular,08/01/2025,11972.45,2157.87,Pagado,VEND-14
FAC-20250946,CLI-1018,Sierra,16/02/2025,12377.31,1247.58,Vencido,VEND-11
FAC-20250947,CLI-1002,Insular,04/05/2025,8809.36,2053.01,,VEND-17
FAC-20250948,CLI-1046,Sierra,05/02/2025,7819.08,1223.59,,VEND-12
FAC-20250949,CLI-1046,Oriente,23/01/2025,12097.27,1810.2,Pendiente,VEND-16
FAC-20250950,CLI-1021,Costa,21/06/2025,13405.63,2544.47,Pendiente,VEND-10
FAC-20250951,cliente_1036,Oriente,24/05/2025,9854.82,931.04,Pagado,VEND-13
FAC-20250952,CLI-1048,Insular,09/05/2025,13504.53,3229.62,Pendiente,VEND-10
FAC-20250953,CLI-1017,Sierra,04/03/2025,12530.51,2237.0,Pagado,VEND-15
FAC-20250954,CLI-1025,Costa,06/05/2025,-986.63,148.53,Vencido,VEND-16
FAC-20250955,CLI-1016,Costa,30/01/2025,14706.9,1889.98,Pendiente,VEND-14
FAC-20250956,CLI-1049,Costa,09/02/2025,4948.52,538.21,Vencido,VEND-12
FAC-20250957,CLI-1001,Costa,18/03/2025,6154.13,924.23,Vencido,VEND-14
FAC-20250958,CLI-1024,Costa,14/01/2025,3437.11,617.39,,VEND-16
FAC-20250959,C-1007,Oriente,16/01/2025,5115.88,466.2,Pagado,VEND-16
FAC-20250960,CLI-1040,Sierra,05/01/2025,4402.82,857.52,Pendiente,VEND-12
FAC-20250961,CLI-1019,Insular,25/04/2025,1716.67,196.71,Pendiente,VEND-15
FAC-20250962,CLI-1034,Sierra,04/03/2025,8294.27,1948.77,,VEND-10
FAC-20250963,CLI-1000,Insular,08/06/2025,4694.12,375.96,,VEND-14
FAC-20250964,CLI-1038,Oriente,24/06/2025,6012.23,1127.14,Vencido,VEND-10
FAC-20250965,CLI-1010,Costa,18/03/2025,1800.87,398.32,Vencido,VEND-16
FAC-20250966,CLI-1013,Oriente,24/06/2025,14208.42,3502.93,,VEND-14
FAC-20250967,CLI-1015,Oriente,29/03/2025,3554.05,482.77,Pendiente,VEND-10
FAC-20250968,CLI-1038,Insular,02/01/2025,13570.95,2038.87,,VEND-16
FAC-20250969,CLI-1034,Costa,16/06/2025,9943.36,2304.25,,VEND-11
FAC-20250970,CLI-1022,Insular,03/06/2025,5690.5,1198.16,Pagado,VEND-11
FAC-20250971,CLI-1029,Oriente,19/02/2025,6946.38,579.07,Vencido,VEND-15
FAC-20250972,cliente_1012,Costa,07/06/2025,9565.93,1124.91,,VEND-15
FAC-20250973,CLI-1002,Oriente,07/05/2025,13615.36,1573.18,Pendiente,VEND-16
FAC-20250974,CLI-1007,Oriente,26/05/2025,7754.72,875.83,Pendiente,VEND-11
FAC-20250975,CLI-1037,Sierra,17/01/2025,2347.75,529.26,Vencido,VEND-13
FAC-20250976,CLI-1043,Costa,23/06/2025,8227.65,1441.65,,VEND-10
FAC-20250977,CLI-1027,Costa,24/03/2025,6771.95,857.23,,VEND-17
FAC-20250978,CLI-1023,Costa,27/02/2025,1180.99,201.37,Vencido,VEND-10
FAC-20250979,CLI-1025,Sierra,27/03/2025,1686.23,142.17,Pendiente,VEND-16
FAC-20250980,CLI-1004,Sierra,20/02/2025,2884.98,537.82,Pagado,VEND-10
FAC-20250981,CLI-1030,Insular,07/01/2025,9091.7,1244.03,Vencido,VEND-13
FAC-20250982,CLI-1006,Insular,03/03/2025,14402.64,3163.94,Pendiente,VEND-11
FAC-20250983,CLI-1049,Insular,25/01/2025,9567.56,904.53,Pagado,VEND-10
FAC-20250984,CLI-1024,Oriente,17/01/2025,11848.37,2564.06,Pagado,VEND-14
FAC-20250985,CLI-1039,Insular,17/01/2025,1976.5,175.66,,VEND-16
FAC-20250986,CLI-1006,Insular,01/03/2025,13036.45,2425.84,,VEND-16
FAC-20250987,CLI-1029,Insular,08/06/2025,9478.84,2269.13,Pagado,VEND-17
FAC-20250988,CLI-1033,Oriente,31/05/2025,3290.98,596.26,Pagado,VEND-13
FAC-20250989,CLI-1036,Sierra,13/06/2025,7879.02,1275.12,,VEND-12
FAC-20250990,CLI-1015,Sierra,12/01/2025,1377.12,212.21,Vencido,VEND-14
FAC-20250991,CLI-1037,Sierra,07/02/2025,7308.09,946.26,Pagado,VEND-12
FAC-20250992,CLI-1003,Sierra,10/05/2025,12378.16,1105.16,Vencido,VEND-13
FAC-20250993,CLI-1012,Sierra,18/01/2025,5452.5,1080.21,,VEND-15
FAC-20250994,CLI-1037,Oriente,07/06/2025,4844.66,473.92,Pagado,VEND-17
FAC-20250995,CLI-1014,Costa,13/06/2025,3733.86,694.75,Pendiente,VEND-17
FAC-20250996,CLI-1047,Oriente,07/04/2025,3477.09,863.29,Vencido,VEND-10
FAC-20250997,CLI-1004,Oriente,08/01/2025,8543.03,1323.05,Vencido,VEND-10
FAC-20250998,CLI-1001,Sierra,20/02/2025,4619.46,575.31,Pendiente,VEND-15
FAC-20250999,CLI-1035,Sierra,15/02/2025,3341.82,416.07,Pagado,VEND-10
FAC-20251000,CLI-1043,Sierra,08/04/2025,9995.6,1374.65,Pendiente,VEND-14
FAC-20251001,CLI-1029,Sierra,05/04/2025,12237.57,2936.99,,VEND-11
FAC-20251002,CLI-1007,Sierra,03/02/2025,12026.02,1735.27,Vencido,VEND-15
FAC-20251003,CLI-1038,Insular,12/06/2025,-1308.85,146.78,Vencido,VEND-12
FAC-20251004,CLI-1020,Sierra,14/01/2025,9627.16,977.14,,VEND-13
FAC-20251005,CLI-1046,Costa,01/05/2025,11969.46,1298.25,,VEND-15
FAC-20251006,CLI-1031,Insular,15/02/2025,5166.44,1023.3,,VEND-17
FAC-20251007,CLI-1017,Insular,13/06/2025,13857.19,1194.81,Pendiente,VEND-13
FAC-20251008,CLI-1028,Sierra,12/04/2025,3669.61,528.81,Pendiente,VEND-15
FAC-20251009,cliente_1016,Costa,04/02/2025,11398.53,1917.23,Pendiente,VEND-10
FAC-20251010,CLI-1029,Oriente,20/04/2025,7041.69,1003.28,,VEND-15
FAC-20251011,C-1017,Insular,07/01/2025,3103.7,588.8,Vencido,VEND-11
FAC-20251012,CLI-1018,Costa,12/03/2025,13935.79,1283.89,Pagado,VEND-13
FAC-20251013,CLI-1021,Sierra,22/06/2025,5274.0,1153.14,Vencido,VEND-13
FAC-20251014,CLI-1045,Sierra,20/05/2025,-739.05,162.44,,VEND-16
FAC-20251015,CLI-1037,Costa,01/05/2025,9984.32,2413.74,,VEND-13
FAC-20251016,cliente_1014,Sierra,02/05/2025,3888.99,676.47,,VEND-17
FAC-20251017,CLI-1021,Costa,22/03/2025,12764.12,3065.02,,VEND-13
FAC-20251018,CLI-1028,Insular,23/05/2025,936.51,214.03,Vencido,VEND-10
FAC-20251019,CLI-1031,Oriente,28/03/2025,3769.61,783.88,Vencido,VEND-15
FAC-20251020,CLI-1037,Costa,26/05/2025,11887.69,1261.61,Vencido,VEND-16
FAC-20251021,CLI-1024,Sierra,11/04/2025,1423.78,228.82,Vencido,VEND-17
FAC-20251022,CLI-1040,Oriente,24/01/2025,2985.64,329.01,,VEND-10
FAC-20251023,CLI-1011,Sierra,18/01/2025,13714.51,1577.19,Vencido,VEND-11
FAC-20251024,CLI-1029,Costa,05/04/2025,8018.71,1813.43,,VEND-16
FAC-20251025,CLI-1010,Costa,03/02/2025,8278.57,759.06,Pendiente,VEND-12
FAC-20251026,CLI-1013,Oriente,21/04/2025,12359.49,1322.38,Vencido,VEND-13
FAC-20251027,cliente_1032,Insular,12/03/2025,3424.69,533.48,,VEND-13
FAC-20251028,CLI-1033,Oriente,26/05/2025,13248.97,2357.56,Pagado,VEND-14
FAC-20251029,CLI-1041,Insular,30/03/2025,10654.59,1391.13,Pendiente,VEND-16
FAC-20251030,CLI-1015,Sierra,08/06/2025,11132.04,2614.27,Pendiente,VEND-11
FAC-20251031,CLI-1025,Costa,03/03/2025,13340.36,3068.74,Vencido,VEND-11
FAC-20251032,CLI-1044,Sierra,07/05/2025,6463.53,650.29,Vencido,VEND-11
FAC-20251033,CLI-1048,Costa,10/05/2025,11614.82,1819.57,Vencido,VEND-13
FAC-20251034,CLI-1032,Costa,29/04/2025,887.41,172.92,,VEND-16
FAC-20251035,CLI-1021,Insular,19/02/2025,-406.43,95.88,Vencido,VEND-17
FAC-20251036,C-1031,Insular,18/01/2025,1696.96,341.61,,VEND-12
FAC-20251037,CLI-1030,Oriente,11/02/2025,-380.93,49.52,,VEND-12
FAC-20251038,CLI-1004,Costa,23/06/2025,4462.16,491.95,Pagado,VEND-13
FAC-20251039,CLI-1028,Costa,12/06/2025,12266.92,2475.34,Pagado,VEND-16
FAC-20251040,CLI-1044,Oriente,24/04/2025,-1590.34,334.62,Pendiente,VEND-15
FAC-20251041,CLI-1015,Sierra,24/01/2025,-226.21,49.65,Pagado,VEND-13
FAC-20251042,CLI-1006,Sierra,12/02/2025,1138.18,248.87,Vencido,VEND-13
FAC-20251043,CLI-1039,Sierra,19/05/2025,6228.43,744.36,Pagado,VEND-15
FAC-20251044,CLI-1020,Sierra,04/01/2025,6331.02,925.35,,VEND-13
FAC-20251045,CLI-1004,Oriente,16/06/2025,-1793.83,268.87,,VEND-11
FAC-20251046,CLI-1045,Sierra,06/03/2025,14406.0,3555.99,,VEND-12
FAC-20251047,CLI-1021,Sierra,12/06/2025,11544.89,2843.09,,VEND-11
FAC-20251048,CLI-1021,Costa,05/06/2025,13725.5,2290.44,Pendiente,VEND-10
FAC-20251049,CLI-1014,Costa,07/06/2025,11504.64,1382.71,,VEND-13
FAC-20251050,CLI-1039,Costa,16/01/2025,2494.55,285.23,,VEND-13
FAC-20251051,CLI-1041,Costa,02/03/2025,13889.43,3344.56,Vencido,VEND-12
FAC-20251052,CLI-1017,Oriente,14/06/2025,-1625.2,244.64,Vencido,VEND-10
FAC-20251053,CLI-1014,Oriente,29/03/2025,4012.61,939.46,Pendiente,VEND-13
FAC-20251054,CLI-1038,Insular,14/05/2025,5163.74,418.4,,VEND-11
FAC-20251055,CLI-1012,Costa,12/06/2025,14884.18,1508.44,Pendiente,VEND-13
FAC-20251056,CLI-1015,Costa,20/04/2025,11012.34,2232.03,Pendiente,VEND-16
FAC-20251057,CLI-1011,Sierra,19/03/2025,4637.62,872.12,Vencido,VEND-17
FAC-20251058,CLI-1005,Oriente,12/04/2025,5976.9,907.64,,VEND-12
FAC-20251059,CLI-1030,Costa,08/04/2025,6697.26,1567.81,Vencido,VEND-12
FAC-20251060,CLI-1035,Sierra,07/03/2025,6016.53,771.01,,VEND-11
FAC-20251061,CLI-1021,Sierra,01/05/2025,3337.88,269.4,Vencido,VEND-17
FAC-20251062,CLI-1025,Insular,12/04/2025,14572.14,2378.52,Pagado,VEND-16
FAC-20251063,CLI-1002,Costa,09/04/2025,14015.88,2939.15,Vencido,VEND-15
FAC-20251064,CLI-1032,Insular,12/06/2025,10483.1,1998.65,,VEND-13
FAC-20251065,CLI-1015,Insular,09/01/2025,13861.29,2773.85,Pagado,VEND-12
FAC-20251066,CLI-1016,Insular,24/06/2025,2636.83,470.19,Pendiente,VEND-10
FAC-20251067,CLI-1007,Costa,14/06/2025,10818.34,2164.01,Pagado,VEND-13
FAC-20251068,CLI-1027,Sierra,20/04/2025,4166.63,1018.77,,VEND-14
FAC-20251069,CLI-1046,Insular,23/01/2025,2084.47,449.37,Pendiente,VEND-14
FAC-20251070,C-1047,Sierra,12/04/2025,-503.12,82.31,Pagado,VEND-11
FAC-20251071,CLI-1049,Insular,15/05/2025,6544.21,1002.97,Pendiente,VEND-15
FAC-20251072,CLI-1011,Sierra,20/02/2025,7553.83,745.87,Pendiente,VEND-12
FAC-20251073,CLI-1012,Costa,16/02/2025,12233.09,3022.81,,VEND-17
FAC-20251074,CLI-1040,Costa,12/06/2025,2908.83,419.49,Vencido,VEND-11
FAC-20251075,CLI-1021,Costa,30/05/2025,3904.31,817.14,Pagado,VEND-10
FAC-20251076,CLI-1017,Costa,20/06/2025,8945.46,862.91,Pagado,VEND-16
FAC-20251077,CLI-1038,Oriente,05/05/2025,7361.86,1126.42,Vencido,VEND-15
FAC-20251078,CLI-1020,Sierra,03/04/2025,10143.64,910.2,Vencido,VEND-15
FAC-20251079,CLI-1006,Costa,27/04/2025,13122.85,2913.56,Pendiente,VEND-10
FAC-20251080,CLI-1038,Costa,16/05/2025,4552.28,994.94,Vencido,VEND-17
FAC-20251081,CLI-1039,Insular,12/05/2025,6490.34,1607.34,Vencido,VEND-10
FAC-20251082,CLI-1040,Oriente,12/01/2025,14559.16,2842.65,Pendiente,VEND-17
FAC-20251083,CLI-1025,Costa,31/03/2025,6704.79,1597.37,Pagado,VEND-16
FAC-20251084,CLI-1018,Sierra,06/02/2025,13112.95,2798.65,Pagado,VEND-12
FAC-20251085,CLI-1031,Costa,19/03/2025,12569.13,3114.97,,VEND-12
FAC-20251086,CLI-1028,Costa,04/05/2025,10108.31,1172.35,Pagado,VEND-11
FAC-20251087,CLI-1027,Costa,11/02/2025,13970.55,2028.43,Vencido,VEND-13
FAC-20251088,CLI-1046,Oriente,20/06/2025,7406.38,747.5,Pendiente,VEND-17
FAC-20251089,CLI-1005,Oriente,27/02/2025,14010.81,2551.59,Vencido,VEND-16
FAC-20251090,CLI-1045,Insular,17/06/2025,9810.48,2212.69,Pendiente,VEND-13
FAC-20251091,CLI-1016,Costa,16/03/2025,1771.36,364.72,Pendiente,VEND-11
FAC-20251092,CLI-1036,Oriente,02/02/2025,12873.29,2292.42,Pagado,VEND-14
FAC-20251093,CLI-1003,Sierra,10/04/2025,14707.82,2089.31,Pendiente,VEND-13
FAC-20251094,cliente_1006,Insular,03/01/2025,8305.25,868.72,Vencido,VEND-13
FAC-20251095,CLI-1031,Insular,07/02/2025,9221.25,1780.71,Pagado,VEND-15
FAC-20251096,CLI-1019,Costa,12/03/2025,14954.3,2412.25,Pendiente,VEND-17
FAC-20251097,cliente_1018,Insular,16/01/2025,14726.57,3250.75,Pendiente,VEND-13
FAC-20251098,CLI-1044,Costa,15/02/2025,12923.29,1690.98,Pendiente,VEND-10
FAC-20251099,CLI-1035,Insular,28/03/2025,6625.34,922.33,,VEND-16
FAC-20251100,CLI-1004,Oriente,14/03/2025,10597.46,2390.39,,VEND-11
FAC-20251101,CLI-1008,Oriente,29/05/2025,13054.9,3118.53,Vencido,VEND-17
FAC-20251102,CLI-1041,Sierra,28/05/2025,2494.63,323.01,Pendiente,VEND-13
FAC-20251103,CLI-1013,Sierra,16/06/2025,632.42,112.49,Pendiente,VEND-16
FAC-20251104,CLI-1027,Sierra,15/01/2025,1892.69,209.21,Pagado,VEND-11
FAC-20251105,CLI-1032,Oriente,01/06/2025,6790.41,1377.32,Pendiente,VEND-10
FAC-20251106,CLI-1007,Sierra,12/04/2025,7585.08,1837.67,,VEND-11
FAC-20251107,CLI-1049,Insular,16/06/2025,6040.46,940.32,Pagado,VEND-11
FAC-20251108,CLI-1007,Costa,01/02/2025,7593.67,1265.54,Pagado,VEND-17
FAC-20251109,CLI-1017,Costa,01/06/2025,3125.9,592.61,,VEND-14
FAC-20251110,CLI-1036,Sierra,26/01/2025,5215.82,1181.78,Pendiente,VEND-16
FAC-20251111,CLI-1044,Costa,11/04/2025,8562.87,1867.33,,VEND-11
FAC-20251112,cliente_1033,Costa,23/02/2025,14502.38,1605.6,Pendiente,VEND-10
FAC-20251113,CLI-1035,Insular,22/03/2025,2284.16,262.81,Pendiente,VEND-11
FAC-20251114,CLI-1035,Oriente,09/01/2025,1726.85,225.8,Pendiente,VEND-16
FAC-20251115,CLI-1042,Costa,05/03/2025,4858.7,817.75,Vencido,VEND-17
FAC-20251116,CLI-1008,Insular,22/03/2025,8078.66,1129.88,Pendiente,VEND-11
FAC-20251117,CLI-1042,Costa,02/03/2025,1032.64,232.9,Pendiente,VEND-12
FAC-20251118,CLI-1038,Sierra,01/06/2025,5706.44,1060.22,Pagado,VEND-14
FAC-20251119,CLI-1016,Insular,16/06/2025,13603.07,1280.77,Vencido,VEND-16
FAC-20251120,CLI-1044,Sierra,18/05/2025,3454.56,434.58,Pendiente,VEND-15
FAC-20251121,CLI-1036,Sierra,18/04/2025,12412.73,2655.37,,VEND-10
FAC-20251122,CLI-1038,Sierra,20/01/2025,4416.82,866.92,,VEND-11
FAC-20251123,CLI-1021,Costa,03/04/2025,13684.06,1435.13,Pendiente,VEND-14
FAC-20251124,CLI-1000,Costa,07/04/2025,14702.54,3555.12,Pagado,VEND-12
FAC-20251125,CLI-1033,Oriente,31/05/2025,12409.48,2108.66,Vencido,VEND-14
FAC-20251126,C-1038,Costa,13/01/2025,2975.84,435.14,Vencido,VEND-16
FAC-20251127,CLI-1030,Sierra,08/03/2025,637.71,67.87,Pendiente,VEND-12
FAC-20251128,CLI-1024,Oriente,14/01/2025,13817.4,1974.86,Pendiente,VEND-16
FAC-20251129,CLI-1045,Insular,16/02/2025,6864.92,1096.14,Vencido,VEND-14
FAC-20251130,C-1027,Sierra,20/03/2025,9716.71,1282.24,Vencido,VEND-11
FAC-20251131,CLI-1040,Costa,20/01/2025,11084.32,1197.87,Pagado,VEND-11
FAC-20251132,CLI-1047,Oriente,22/05/2025,13979.04,1143.74,,VEND-12
FAC-20251133,CLI-1030,Insular,12/05/2025,10434.27,1779.14,Pagado,VEND-16
FAC-20251134,CLI-1000,Sierra,02/01/2025,10855.32,2251.87,Pendiente,VEND-10
FAC-20251135,CLI-1038,Insular,13/02/2025,10280.57,1737.39,Pendiente,VEND-12
FAC-20251136,cliente_1004,Oriente,04/02/2025,7948.43,1207.07,,VEND-12
FAC-20251137,CLI-1023,Costa,28/03/2025,13753.66,2360.82,Pagado,VEND-14
FAC-20251138,CLI-1019,Insular,17/03/2025,-1336.12,196.3,Vencido,VEND-10
FAC-20251139,CLI-1029,Insular,15/01/2025,5658.29,768.7,Vencido,VEND-11
FAC-20251140,CLI-1000,Oriente,17/02/2025,-975.45,110.79,Pendiente,VEND-16
FAC-20251141,CLI-1007,Insular,02/01/2025,2756.64,326.49,,VEND-15
FAC-20251142,CLI-1019,Oriente,20/04/2025,13436.8,1690.51,,VEND-17
FAC-20251143,CLI-1010,Sierra,01/04/2025,-1790.44,359.1,Pagado,VEND-13
FAC-20251144,CLI-1018,Costa,04/02/2025,6220.92,1450.53,Pendiente,VEND-13
FAC-20251145,CLI-1030,Oriente,31/01/2025,6605.88,1426.67,Pendiente,VEND-15
FAC-20251146,CLI-1048,Insular,09/05/2025,11026.92,2429.88,Pendiente,VEND-11
FAC-20251147,C-1006,Costa,02/02/2025,2755.36,579.88,Pendiente,VEND-10
FAC-20251148,CLI-1043,Oriente,20/04/2025,14658.36,2254.98,Vencido,VEND-14
FAC-20251149,CLI-1031,Costa,20/04/2025,4092.34,683.06,Pendiente,VEND-14
FAC-20251150,C-1049,Costa,09/03/2025,14916.73,3274.28,Pendiente,VEND-17
FAC-20251151,CLI-1045,Costa,09/05/2025,9360.96,2109.29,Pendiente,VEND-13
FAC-20251152,CLI-1007,Sierra,13/04/2025,1056.31,251.35,,VEND-10
FAC-20251153,CLI-1039,Sierra,24/01/2025,13033.08,2205.78,Pendiente,VEND-13
FAC-20251154,CLI-1021,Insular,03/05/2025,1389.57,123.37,Pagado,VEND-14
FAC-20251155,CLI-1023,Oriente,31/03/2025,10817.99,2511.59,Pendiente,VEND-10
FAC-20251156,CLI-1000,Costa,19/06/2025,11298.94,1810.65,Pagado,VEND-16
FAC-20251157,CLI-1011,Oriente,06/05/2025,5771.93,556.82,Pagado,VEND-12
FAC-20251158,CLI-1021,Oriente,03/04/2025,11272.51,2060.63,Pendiente,VEND-14
FAC-20251159,CLI-1013,Insular,23/01/2025,13364.31,2756.25,Pagado,VEND-10
FAC-20251160,CLI-1037,Sierra,19/02/2025,10717.57,993.84,Vencido,VEND-14
FAC-20251161,CLI-1046,Insular,21/02/2025,8236.58,837.92,,VEND-14
FAC-20251162,CLI-1048,Oriente,04/04/2025,7002.99,1644.61,Pagado,VEND-17
FAC-20251163,CLI-1026,Costa,12/02/2025,9187.73,936.4,Pagado,VEND-10
FAC-20251164,CLI-1044,Sierra,12/04/2025,7677.88,1284.45,Pagado,VEND-12
FAC-20251165,CLI-1028,Insular,24/05/2025,11800.9,1488.73,Pendiente,VEND-10
FAC-20251166,CLI-1010,Sierra,01/06/2025,10602.47,2273.28,,VEND-14
FAC-20251167,CLI-1019,Sierra,17/03/2025,10769.69,1174.85,Pagado,VEND-13
FAC-20251168,CLI-1018,Costa,13/06/2025,2648.02,629.25,Vencido,VEND-10
FAC-20251169,CLI-1041,Sierra,23/02/2025,-825.43,150.95,Vencido,VEND-15
FAC-20251170,CLI-1005,Oriente,04/02/2025,6420.97,868.04,Pagado,VEND-10
FAC-20251171,CLI-1022,Sierra,13/03/2025,3062.66,524.81,Pagado,VEND-16
FAC-20251172,CLI-1041,Oriente,10/06/2025,9697.43,2122.42,Pendiente,VEND-15
FAC-20251173,CLI-1017,Sierra,29/05/2025,9632.11,1418.12,,VEND-13
FAC-20251174,CLI-1046,Insular,05/04/2025,2650.85,435.57,,VEND-12
FAC-20251175,CLI-1011,Sierra,26/05/2025,7612.52,1447.03,Pagado,VEND-14
FAC-20251176,CLI-1010,Sierra,11/04/2025,10466.82,1092.72,,VEND-13
FAC-20251177,CLI-1029,Insular,26/01/2025,11002.45,2283.84,Pagado,VEND-11
FAC-20251178,CLI-1024,Insular,06/01/2025,-1694.93,404.91,Pendiente,VEND-13
FAC-20251179,CLI-1049,Costa,10/03/2025,2568.22,211.35,Pagado,VEND-11
FAC-20251180,CLI-1034,Oriente,22/01/2025,3433.66,603.24,,VEND-12
FAC-20251181,CLI-1019,Oriente,03/05/2025,2740.44,541.64,Pagado,VEND-10
FAC-20251182,CLI-1002,Costa,20/05/2025,4802.71,1067.17,Pendiente,VEND-10
FAC-20251183,CLI-1014,Costa,28/02/2025,6693.46,1281.21,Pendiente,VEND-16
FAC-20251184,CLI-1043,Costa,06/05/2025,2958.61,287.86,Vencido,VEND-15
FAC-20251185,CLI-1004,Oriente,31/01/2025,5727.16,540.74,Pagado,VEND-12
FAC-20251186,CLI-1011,Insular,16/05/2025,5355.24,815.56,Vencido,VEND-14
FAC-20251187,CLI-1022,Costa,11/03/2025,13785.4,3289.06,Pagado,VEND-10
FAC-20251188,CLI-1009,Sierra,23/03/2025,2642.81,569.43,,VEND-11
FAC-20251189,CLI-1007,Insular,13/03/2025,2597.68,264.13,,VEND-15
FAC-20251190,CLI-1020,Insular,19/04/2025,7478.68,1363.34,Vencido,VEND-12
FAC-20251191,CLI-1041,Sierra,09/04/2025,6570.56,1121.86,Pendiente,VEND-16
FAC-20251192,CLI-1005,Insular,15/05/2025,8879.21,1839.85,Pagado,VEND-13
FAC-20251193,CLI-1023,Costa,22/02/2025,-1205.07,292.58,Pagado,VEND-10
FAC-20251194,CLI-1022,Oriente,05/02/2025,4773.11,1074.25,,VEND-13
FAC-20251195,CLI-1013,Sierra,15/01/2025,11331.43,2246.83,Pendiente,VEND-16
FAC-20251196,C-1046,Costa,19/04/2025,5889.42,1134.7,Pagado,VEND-17
FAC-20251197,cliente_1038,Sierra,08/01/2025,2629.86,319.94,Pagado,VEND-16
FAC-20251198,CLI-1009,Sierra,01/05/2025,11281.59,2242.28,Vencido,VEND-17
FAC-20251199,CLI-1026,Oriente,24/04/2025,11830.26,1523.15,Pendiente,VEND-10
FAC-20250459,CLI-1005,Costa,26/01/2025,13619.3,2147.05,Vencido,VEND-14
FAC-20250457,CLI-1033,Sierra,02/04/2025,10699.83,927.66,,VEND-13
FAC-20251022,CLI-1040,Oriente,24/01/2025,2985.64,329.01,,VEND-10
FAC-20250141,CLI-1039,Costa,18/06/2025,8061.04,1965.96,Pagado,VEND-17
FAC-20250668,cliente_1033,Insular,15/05/2025,3542.76,318.46,Pagado,VEND-17
FAC-20251011,CLI-1017,Insular,07/01/2025,3103.7,588.8,Vencido,VEND-11
FAC-20250151,CLI-1038,Oriente,08/01/2025,3116.03,412.96,Vencido,VEND-15
FAC-20250830,CLI-1031,Costa,15/02/2025,6048.18,640.9,Pagado,VEND-11
FAC-20250750,CLI-1040,Insular,10/02/2025,726.64,58.92,Pendiente,VEND-11
FAC-20250046,CLI-1022,Insular,23/06/2025,14726.67,3529.55,Pagado,VEND-14
FAC-20251132,CLI-1047,Oriente,22/05/2025,13979.04,1143.74,,VEND-12
FAC-20250128,CLI-1025,Costa,09/03/2025,8280.3,1609.53,Vencido,VEND-16
FAC-20250034,CLI-1048,Costa,03/01/2025,7145.14,1781.54,Pagado,VEND-13
FAC-20250280,CLI-1035,Insular,17/03/2025,2709.97,391.79,Pendiente,VEND-17
FAC-20250594,CLI-1029,Costa,14/05/2025,10157.11,1484.47,Vencido,VEND-15
FAC-20250721,CLI-1048,Costa,14/01/2025,2930.21,384.54,Pendiente,VEND-16
FAC-20251128,CLI-1024,Oriente,14/01/2025,13817.4,1974.86,Pendiente,VEND-16
FAC-20250399,CLI-1031,Sierra,26/03/2025,11307.48,2793.0,Pendiente,VEND-11
FAC-20250694,CLI-1018,Oriente,04/06/2025,8832.83,1315.8,Pagado,VEND-15
FAC-20250109,CLI-1020,Sierra,03/03/2025,8791.07,1862.32,Pagado,VEND-15
FAC-20250669,CLI-1046,Oriente,20/04/2025,9328.25,1579.43,Vencido,VEND-12
FAC-20250887,CLI-1049,Insular,23/06/2025,1867.43,239.64,Pagado,VEND-16
FAC-20250474,CLI-1003,Sierra,27/04/2025,5313.6,967.03,Vencido,VEND-17
FAC-20251163,CLI-1026,Costa,12/02/2025,9187.73,936.4,Pagado,VEND-10
FAC-20250544,CLI-1024,Costa,24/01/2025,12437.2,2264.09,Pagado,VEND-11
